FECHA;TASA_GAS;TASA_CONDENSADO;TASA_AGUA;ACUM_CONDESADO;ACUM_AGUA;ACUM_GAS
2023-01-01;38,796031;1226,21;9,38;2468501,5;77080,46;79919,47
2023-01-02;38,961861;1216,16;12,43;2469717,66;77092,89;79958,43
2023-01-03;39,482384;1267,73;8,36;2470985,39;77101,25;79997,91
2023-01-04;37,784051;1329,67;2,19;2472315,06;77103,44;80035,7
2023-01-05;35,826894;1146,62;4,99;2473461,68;77108,43;80071,52
2023-01-06;37,604151;1192,79;76,57;2474654,47;77185;80109,13
2023-01-07;37,756253;1100,39;62,75;2475754,86;77247,75;80146,88
2023-01-08;37,465172;1202,49;29,5;2476957,35;77277,25;80184,35
2023-01-09;37,386244;1213,79;41,19;2478171,14;77318,44;80221,73
2023-01-10;37,578327;1178,8;26,78;2479349,94;77345,22;80259,31
2023-01-11;37,553217;1189,07;26,22;2480539,01;77371,44;80296,87
2023-01-12;37,5431;1173,65;27,02;2481712,66;77398,46;80334,41
2023-01-13;33,53551;1073,82;14,17;2482786,48;77412,63;80367,94
2023-01-14;32,48279;971,46;23,62;2483757,94;77436,25;80400,43
2023-01-15;35,355041;1115,32;25,54;2484873,26;77461,79;80435,78
2023-01-16;37,891019;1222,79;22,39;2486096,05;77484,18;80473,67
2023-01-17;37,708886;1239,96;0,8;2487336,01;77484,98;80511,38
2023-01-18;37,737278;1256,53;19,03;2488592,54;77504,01;80549,12
2023-01-19;37,806486;1266;35,92;2489858,54;77539,93;80586,93
2023-01-20;37,740128;1249,75;21,52;2491108,29;77561,45;80624,67
2023-01-21;35,494093;1155,56;15,82;2492263,85;77577,27;80660,16
2023-01-22;32,206898;954,39;7,03;2493218,24;77584,3;80692,37
2023-01-23;31,402771;980,33;17,62;2494198,57;77601,92;80723,77
2023-01-24;31,178098;944,7;15,75;2495143,27;77617,67;80754,95
2023-01-25;36,53047;1254,51;51,68;2496397,78;77669,35;80791,48
2023-01-26;38,045182;1446,58;18,98;2497844,36;77688,33;80829,52
2023-01-27;38,047653;1203,44;22,25;2499047,8;77710,58;80867,57
2023-01-28;38,055294;1108,98;14,45;2500156,78;77725,03;80905,63
2023-01-29;38,045058;1150,47;14,47;2501307,25;77739,5;80943,67
2023-01-30;37,973304;1208,38;0,46;2502515,63;77739,96;80981,65
2023-01-31;37,713803;1332,46;22,16;2503848,09;77762,12;81019,36
2023-02-01;37,153846;1170,11;0,78;2505018,2;77762,9;81056,51
2023-02-02;28,145065;721,88;38,8;2505740,08;77801,7;81084,66
2023-02-03;37,947657;1078,76;0,01;2506818,84;77801,71;81122,61
2023-02-04;38,066594;1322,35;0,1;2508141,19;77801,81;81160,67
2023-02-05;37,166172;1265,7;0;2509406,89;77801,81;81197,84
2023-02-06;37,448538;1242,84;0,11;2510649,73;77801,92;81235,29
2023-02-07;37,414342;1182,83;0,27;2511832,56;77802,19;81272,7
2023-02-08;37,430276;1094,06;0,89;2512926,62;77803,08;81310,13
2023-02-09;37,456764;1147,55;10,47;2514074,17;77813,55;81347,59
2023-02-10;35,910456;1084,24;3,2;2515158,41;77816,75;81383,5
2023-02-11;44,410453;1430,82;42,31;2516589,23;77859,06;81427,91
2023-02-12;56,491322;1747,16;47,07;2518336,39;77906,13;81484,4
2023-02-13;56,832518;1694,81;54,69;2520031,2;77960,82;81541,23
2023-02-14;57,098551;1768,73;49,52;2521799,93;78010,34;81598,33
2023-02-15;57,155124;1832,07;37,92;2523632;78048,26;81655,49
2023-02-16;57,058851;1826,65;38,84;2525458,65;78087,1;81712,55
2023-02-17;56,849898;1757,56;33,96;2527216,21;78121,06;81769,4
2023-02-18;51,027823;1628,9;18,58;2528845,11;78139,64;81820,42
2023-02-19;43,26093;1442,61;10,81;2530287,72;78150,45;81863,68
2023-02-20;42,385583;1422,89;5,81;2531710,61;78156,26;81906,07
2023-02-21;41,379387;1374,68;8,69;2533085,29;78164,95;81947,45
2023-02-22;40,30136;1290,44;7,78;2534375,73;78172,73;81987,75
2023-02-23;39,920216;1239,88;13,64;2535615,61;78186,37;82027,67
2023-02-24;39,673161;1214,42;17,11;2536830,03;78203,48;82067,34
2023-02-25;39,511256;1259,02;18,05;2538089,05;78221,53;82106,86
2023-02-26;39,344109;1315,57;16,37;2539404,62;78237,9;82146,2
2023-02-27;42,847886;1325,39;47,4;2540730,01;78285,3;82189,05
2023-02-28;44,59662;1339,56;21,41;2542069,57;78306,71;82233,64
2023-03-01;40,71875;1330,73;11,66;2543400,3;78318,37;82274,36
2023-03-02;44,293048;1307,68;33,83;2544707,98;78352,2;82318,66
2023-03-03;44,059912;1213,7;15,17;2545921,68;78367,37;82362,72
2023-03-04;43,975751;1477,35;20,96;2547399,03;78388,33;82406,69
2023-03-05;44,007875;1456,13;14,27;2548855,16;78402,6;82450,7
2023-03-06;44,022544;1425,11;15,79;2550280,27;78418,39;82494,72
2023-03-07;44,042944;1387,62;18,12;2551667,89;78436,51;82538,76
2023-03-08;44,052656;1398,56;25,5;2553066,45;78462,01;82582,82
2023-03-09;43,133927;1375,27;18,2;2554441,72;78480,21;82625,95
2023-03-10;43,31499;1356,05;23,16;2555797,77;78503,37;82669,27
2023-03-11;43,051199;1388,59;18,17;2557186,36;78521,54;82712,32
2023-03-12;42,963331;1377,37;23,01;2558563,73;78544,55;82755,28
2023-03-13;43,152755;1353,37;26,02;2559917,1;78570,57;82798,43
2023-03-14;43,093372;1384,53;21,45;2561301,63;78592,02;82841,53
2023-03-15;43,111837;1344,45;20,33;2562646,08;78612,35;82884,64
2023-03-16;43,11468;1328,41;18,24;2563974,49;78630,59;82927,75
2023-03-17;43,106665;1358,08;17,78;2565332,57;78648,37;82970,86
2023-03-18;43,298529;1349,53;22,98;2566682,1;78671,35;83014,16
2023-03-19;43,293053;1357,43;16,28;2568039,53;78687,63;83057,45
2023-03-20;43,123942;1364,28;17,64;2569403,81;78705,27;83100,58
2023-03-21;43,072771;1350,73;19,7;2570754,54;78724,97;83143,65
2023-03-22;43,151322;1351,57;18,61;2572106,11;78743,58;83186,8
2023-03-23;43,059825;1350,87;18,95;2573456,98;78762,53;83229,86
2023-03-24;43,045724;1365,27;10,38;2574822,25;78772,91;83272,91
2023-03-25;43,059367;1369,72;15,57;2576191,97;78788,48;83315,96
2023-03-26;42,762601;1311,11;23,96;2577503,08;78812,44;83358,73
2023-03-27;42,635007;1336,2;28,01;2578839,28;78840,45;83401,36
2023-03-28;42,63911;1336,86;23,28;2580176,14;78863,73;83444
2023-03-29;42,666465;1332,16;14,22;2581508,3;78877,95;83486,67
2023-03-30;42,639802;1320,6;15,34;2582828,9;78893,29;83529,31
2023-03-31;42,774345;1311,74;17,65;2584140,64;78910,94;83572,08
2023-04-01;42,769804;1354,52;24,17;2585495,16;78935,11;83614,85
2023-04-02;41,887634;1322,58;26,19;2586817,74;78961,3;83656,74
2023-04-03;41,872725;1293,38;12,75;2588111,12;78974,05;83698,61
2023-04-04;41,636445;1338,17;6,01;2589449,29;78980,06;83740,25
2023-04-05;40,147861;1371,33;2,67;2590820,62;78982,73;83780,4
2023-04-06;40,203166;1384,56;3,63;2592205,18;78986,36;83820,6
2023-04-07;41,194103;1335,25;6,61;2593540,43;78992,97;83861,79
2023-04-08;40,840142;1274,91;9,64;2594815,34;79002,61;83902,63
2023-04-09;40,109635;1237,55;27,23;2596052,89;79029,84;83942,74
2023-04-10;42,740151;1358,25;27,15;2597411,14;79056,99;83985,48
2023-04-11;54,749847;1831,76;31,08;2599242,9;79088,07;84040,23
2023-04-12;53,590436;1731,11;26,85;2600974,01;79114,92;84093,82
2023-04-13;54,350359;1659,92;66,56;2602633,93;79181,48;84148,17
2023-04-14;55,21371;1654,05;40,9;2604287,98;79222,38;84203,39
2023-04-15;55,232632;1699,98;33,03;2605987,96;79255,41;84258,62
2023-04-16;54,971158;1715,7;22;2607703,66;79277,41;84313,59
2023-04-17;54,960819;1738,7;14,14;2609442,36;79291,55;84368,55
2023-04-18;55,012067;1713,3;17,02;2611155,66;79308,57;84423,56
2023-04-19;54,576075;1683,69;9,6;2612839,35;79318,17;84478,14
2023-04-20;55,388482;1709,86;40,95;2614549,21;79359,12;84533,53
2023-04-21;54,951448;1714,06;13,42;2616263,27;79372,54;84588,48
2023-04-22;56,315308;1752,23;20,8;2618015,5;79393,34;84644,8
2023-04-23;55,841457;1704,88;7,64;2619720,38;79400,98;84700,64
2023-04-24;55,694051;1671,21;51,57;2621391,59;79452,55;84756,33
2023-04-25;55,726728;1720,34;44,72;2623111,93;79497,27;84812,06
2023-04-26;55,73672;1771,36;36,03;2624883,29;79533,3;84867,79
2023-04-27;55,763455;1751,4;22,46;2626634,69;79555,76;84923,56
2023-04-28;55,723121;1763,74;28,97;2628398,43;79584,73;84979,28
2023-04-29;55,814925;1692,26;26,57;2630090,69;79611,3;85035,1
2023-04-30;55,999756;1733,23;21,85;2631823,92;79633,15;85091,1
2023-05-01;55,599128;1792,51;17,63;2633616,43;79650,78;85146,7
2023-05-02;54,395315;1711,32;15,04;2635327,75;79665,82;85201,09
2023-05-03;52,583009;1645,21;36,14;2636972,96;79701,96;85253,67
2023-05-04;44,152706;1404,05;22,71;2638377,01;79724,67;85297,83
2023-05-05;40,983225;1308,66;21,77;2639685,67;79746,44;85338,81
2023-05-06;40,852986;1282,94;15,92;2640968,61;79762,36;85379,66
2023-05-07;39,960032;1314,18;12,31;2642282,79;79774,67;85419,62
2023-05-08;39,600768;1369,88;19,34;2643652,67;79794,01;85459,22
2023-05-09;49,607684;1564,73;31,36;2645217,4;79825,37;85508,83
2023-05-10;50,573181;1597,82;37,14;2646815,22;79862,51;85559,4
2023-05-11;50,671705;1659,71;37,18;2648474,93;79899,69;85610,08
2023-05-12;41,566732;1322,28;17,06;2649797,21;79916,75;85651,64
2023-05-13;39,909269;1290,97;13,72;2651088,18;79930,47;85691,55
2023-05-14;39,858971;1276,72;19,46;2652364,9;79949,93;85731,41
2023-05-15;25,300979;808,9;12,29;2653173,8;79962,22;85756,71
2023-05-16;0;0;0;2653173,8;79962,22;85756,71
2023-05-17;0;0;0;2653173,8;79962,22;85756,71
2023-05-18;0;0;0;2653173,8;79962,22;85756,71
2023-05-19;0;0;0;2653173,8;79962,22;85756,71
2023-05-20;0;0;0;2653173,8;79962,22;85756,71
2023-05-21;1,242682;24,84;0,9;2653198,64;79963,12;85757,95
2023-05-22;38,37558;1171,18;12,63;2654369,82;79975,75;85796,33
2023-05-23;44,102479;1363,46;0,22;2655733,28;79975,97;85840,43
2023-05-24;48,778569;1389,25;40,26;2657122,53;80016,23;85889,21
2023-05-25;53,184285;1541,87;1,11;2658664,4;80017,34;85942,4
2023-05-26;53,959144;1815,21;2,52;2660479,61;80019,86;85996,35
2023-05-27;33,351109;1019,34;54,78;2661498,95;80074,64;86029,71
2023-05-28;45,536283;1371,37;9,42;2662870,32;80084,06;86075,24
2023-05-29;5,208601;149,74;0,77;2663020,06;80084,83;86080,45
2023-05-30;0;0;0;2663020,06;80084,83;86080,45
2023-05-31;1,628586;41,88;18,93;2663061,94;80103,76;86082,08
2023-06-01;44,265229;1349,45;40,79;2664411,39;80144,55;86126,34
2023-06-02;44,547054;1363,02;33,51;2665774,41;80178,06;86170,89
2023-06-03;44,648594;1371,29;35,89;2667145,7;80213,95;86215,54
2023-06-04;44,551258;1392,96;23,1;2668538,66;80237,05;86260,09
2023-06-05;44,484563;1380,21;22,24;2669918,87;80259,29;86304,58
2023-06-06;39,72537;1364,94;8,58;2671283,81;80267,87;86344,3
2023-06-07;39,27151;1280,22;11,6;2672564,03;80279,47;86383,57
2023-06-08;39,178695;1266,06;19,77;2673830,09;80299,24;86422,75
2023-06-09;39,425243;1255,23;22,46;2675085,32;80321,7;86462,18
2023-06-10;38,981825;1251,92;16,63;2676337,24;80338,33;86501,16
2023-06-11;37,94449;1259,12;10,12;2677596,36;80348,45;86539,1
2023-06-12;37,857675;1096,05;9,04;2678692,41;80357,49;86576,96
2023-06-13;38,07731;1078,25;39,8;2679770,66;80397,29;86615,04
2023-06-14;37,980459;1180,75;26,35;2680951,41;80423,64;86653,02
2023-06-15;38,393378;1225,08;33,24;2682176,49;80456,88;86691,41
2023-06-16;38,290923;1279,71;16,58;2683456,2;80473,46;86729,7
2023-06-17;38,361373;1291,36;19,47;2684747,56;80492,93;86768,06
2023-06-18;38,608771;1190,04;35,8;2685937,6;80528,73;86806,67
2023-06-19;38,454494;1222,48;24,48;2687160,08;80553,21;86845,13
2023-06-20;38,574877;1227,82;18,48;2688387,9;80571,69;86883,7
2023-06-21;38,524243;1219,9;15,91;2689607,8;80587,6;86922,23
2023-06-22;38,52068;1204,87;28,47;2690812,67;80616,07;86960,75
2023-06-23;38,439878;1216,84;20,83;2692029,51;80636,9;86999,19
2023-06-24;38,424929;1224,18;22,82;2693253,69;80659,72;87037,61
2023-06-25;38,425941;1231,49;19,87;2694485,18;80679,59;87076,04
2023-06-26;38,316518;1196,54;20,96;2695681,72;80700,55;87114,35
2023-06-27;38,367101;1189,09;20,73;2696870,81;80721,28;87152,72
2023-06-28;38,389768;1211,12;21,42;2698081,93;80742,7;87191,11
2023-06-29;38,328218;1215,97;19,31;2699297,9;80762,01;87229,44
2023-06-30;38,595917;1207,64;21,16;2700505,54;80783,17;87268,04
2023-07-01;37,314635;1226,72;12,78;2701732,26;80795,95;87305,35
2023-07-02;39,020161;1178,36;16,88;2702910,62;80812,83;87344,37
2023-07-03;41,704811;1310,81;20,42;2704221,43;80833,25;87386,07
2023-07-04;37,077956;1241,34;12,81;2705462,77;80846,06;87423,15
2023-07-05;41,341604;1238,03;10,5;2706700,8;80856,56;87464,49
2023-07-06;41,232654;1283,2;15,46;2707984;80872,02;87505,73
2023-07-07;41,250932;1277,13;18,78;2709261,13;80890,8;87546,98
2023-07-08;38,250925;1271,45;2,93;2710532,58;80893,73;87585,23
2023-07-09;38,637698;1102,18;1,39;2711634,76;80895,12;87623,87
2023-07-10;40,861911;1245,5;1,18;2712880,26;80896,3;87664,73
2023-07-11;43,951165;1410,15;5,87;2714290,41;80902,17;87708,68
2023-07-12;44,726315;1626,48;12,74;2715916,89;80914,91;87753,41
2023-07-13;42,904551;1485,83;9,93;2717402,72;80924,84;87796,31
2023-07-14;43,213668;1451,52;6,64;2718854,24;80931,48;87839,52
2023-07-15;44,624863;1320,22;50,9;2720174,46;80982,38;87884,15
2023-07-16;44,5706;1414,6;50,78;2721589,06;81033,16;87928,72
2023-07-17;44,943602;1417,29;52,75;2723006,35;81085,91;87973,66
2023-07-18;45,373249;1452,89;23,7;2724459,24;81109,61;88019,04
2023-07-19;45,201826;1439,58;24,54;2725898,82;81134,15;88064,24
2023-07-20;45,249133;1426,03;22,54;2727324,85;81156,69;88109,49
2023-07-21;45,418461;1420,2;21;2728745,05;81177,69;88154,91
2023-07-22;45,038421;1444,85;23,56;2730189,9;81201,25;88199,94
2023-07-23;44,35603;1439,47;21,04;2731629,37;81222,29;88244,3
2023-07-24;1,81955;55,44;0,22;2731684,81;81222,51;88246,12
2023-07-25;28,442534;1173,49;4,09;2732858,3;81226,6;88274,56
2023-07-26;53,477845;1726,35;22,84;2734584,65;81249,44;88328,04
2023-07-27;45,513837;1513,28;17,82;2736097,93;81267,26;88373,55
2023-07-28;49,312381;1556,49;46,74;2737654,42;81314;88422,87
2023-07-29;49,316982;1559,77;27,33;2739214,19;81341,33;88472,18
2023-07-30;49,415462;1577,09;26,56;2740791,28;81367,89;88521,6
2023-07-31;49,531341;1549,5;29,11;2742340,78;81397;88571,13
2023-08-01;49,565614;1594,64;23,69;2743935,42;81420,69;88620,7
2023-08-02;49,366657;1586,59;26,03;2745522,01;81446,72;88670,06
2023-08-03;49,5612;1553,91;27,36;2747075,92;81474,08;88719,62
2023-08-04;49,570881;1534,35;23,91;2748610,27;81497,99;88769,19
2023-08-05;47,985151;1521,22;16,51;2750131,49;81514,5;88817,18
2023-08-06;49,067202;1499,5;5,26;2751630,99;81519,76;88866,25
2023-08-07;49,424072;1663,2;10,68;2753294,19;81530,44;88915,67
2023-08-08;49,499654;1692,44;16,04;2754986,63;81546,48;88965,17
2023-08-09;52,968439;1710,09;40,3;2756696,72;81586,78;89018,14
2023-08-10;55,132096;1731,24;34,47;2758427,96;81621,25;89073,27
2023-08-11;59,256592;1919,9;19,14;2760347,86;81640,39;89132,53
2023-08-12;59,225916;1914,16;26,48;2762262,02;81666,87;89191,75
2023-08-13;65,500082;2071,08;47,8;2764333,1;81714,67;89257,25
2023-08-14;65,697982;2052,13;62,34;2766385,23;81777,01;89322,95
2023-08-15;65,654184;2060,21;54,37;2768445,44;81831,38;89388,61
2023-08-16;67,878588;2165,16;52,33;2770610,6;81883,71;89456,48
2023-08-17;67,105908;2111,84;29,1;2772722,44;81912,81;89523,59
2023-08-18;67,671412;2090,66;37,95;2774813,1;81950,76;89591,26
2023-08-19;67,370079;2189,16;39,56;2777002,26;81990,32;89658,63
2023-08-20;67,610907;2196,69;37,01;2779198,95;82027,33;89726,24
2023-08-21;68,380618;2187,27;25,86;2781386,22;82053,19;89794,62
2023-08-22;67,052904;2201,97;10,3;2783588,19;82063,49;89861,68
2023-08-23;67,067198;2157,19;10,14;2785745,38;82073,63;89928,74
2023-08-24;67,448001;2233,57;13,29;2787978,95;82086,92;89996,19
2023-08-25;68,251176;2160,88;65,28;2790139,83;82152,2;90064,44
2023-08-26;67,658933;2130,17;68,46;2792270;82220,66;90132,1
2023-08-27;67,699832;2186,34;51,35;2794456,34;82272,01;90199,8
2023-08-28;67,261605;2025,85;126,39;2796482,19;82398,4;90267,06
2023-08-29;67,86044;2141,94;65,36;2798624,13;82463,76;90334,92
2023-08-30;66,96388;2138,34;52,04;2800762,47;82515,8;90401,89
2023-08-31;67,455475;2130,29;56,25;2802892,76;82572,05;90469,34
2023-09-01;68,581827;2184,67;54,74;2805077,43;82626,79;90537,92
2023-09-02;68,267709;2174,22;65,26;2807251,65;82692,05;90606,19
2023-09-03;68,179377;2163,65;49,96;2809415,3;82742,01;90674,37
2023-09-04;67,802132;2155,46;14,65;2811570,76;82756,66;90742,17
2023-09-05;66,309325;2145,57;15,33;2813716,33;82771,99;90808,48
2023-09-06;66,860247;2147,74;19,34;2815864,07;82791,33;90875,34
2023-09-07;66,715198;2087,27;33,93;2817951,34;82825,26;90942,06
2023-09-08;66,525144;2118,32;39,07;2820069,66;82864,33;91008,58
2023-09-09;65,93239;2034,47;86,77;2822104,13;82951,1;91074,52
2023-09-10;65,764329;2059,08;80,55;2824163,21;83031,65;91140,28
2023-09-11;67,735912;2113,28;75,13;2826276,49;83106,78;91208,02
2023-09-12;67,490658;2156,1;49,81;2828432,59;83156,59;91275,51
2023-09-13;67,554818;2093,94;54,27;2830526,53;83210,86;91343,06
2023-09-14;67,510987;2110,79;57,81;2832637,32;83268,67;91410,57
2023-09-15;67,289748;2085,49;57,23;2834722,81;83325,9;91477,86
2023-09-16;67,233686;2076,41;52,28;2836799,22;83378,18;91545,1
2023-09-17;67,395479;2165,96;55,13;2838965,18;83433,31;91612,49
2023-09-18;67,299102;2172,6;54,29;2841137,78;83487,6;91679,79
2023-09-19;67,267608;2156,53;55,05;2843294,31;83542,65;91747,06
2023-09-20;64,955252;2087,94;50,39;2845382,25;83593,04;91812,01
2023-09-21;64,825026;2067,26;43,07;2847449,51;83636,11;91876,84
2023-09-22;64,606602;2013,15;60,54;2849462,66;83696,65;91941,45
2023-09-23;65,351125;2060,3;45,96;2851522,96;83742,61;92006,8
2023-09-24;64,916417;2056,47;34,28;2853579,43;83776,89;92071,71
2023-09-25;62,94252;2002,93;35,89;2855582,36;83812,78;92134,66
2023-09-26;67,061987;2105,94;60,27;2857688,3;83873,05;92201,72
2023-09-27;65,682463;2115,99;69,55;2859804,29;83942,6;92267,4
2023-09-28;64,713726;2061,67;48,11;2861865,96;83990,71;92332,11
2023-09-29;63,795466;2041,06;43,79;2863907,02;84034,5;92395,91
2023-09-30;60,558707;1950,1;56,04;2865857,12;84090,54;92456,47
2023-10-01;57,262616;1865,12;23,17;2867722,24;84113,71;92513,73
2023-10-02;56,720926;1763,32;79,09;2869485,56;84192,8;92570,45
2023-10-03;59,188254;1851,14;62,15;2871336,7;84254,95;92629,64
2023-10-04;62,808105;1983,27;63,15;2873319,97;84318,1;92692,45
2023-10-05;63,764916;2024,64;56,5;2875344,61;84374,6;92756,21
2023-10-06;65,129663;2082,17;52,94;2877426,78;84427,54;92821,34
2023-10-07;55,470347;1764,71;46,56;2879191,49;84474,1;92876,81
2023-10-08;54,454569;1725,56;35,31;2880917,05;84509,41;92931,27
2023-10-09;54,042225;1699,45;39,16;2882616,5;84548,57;92985,31
2023-10-10;53,956655;1684,44;47,03;2884300,94;84595,6;93039,27
2023-10-11;54,170857;1715,99;40,08;2886016,93;84635,68;93093,44
2023-10-12;55,694827;1775,91;51,57;2887792,84;84687,25;93149,13
2023-10-13;55,247726;1744,14;39,57;2889536,98;84726,82;93204,38
2023-10-14;55,48721;1731,59;48,26;2891268,57;84775,08;93259,87
2023-10-15;55,107197;1735,36;50,74;2893003,93;84825,82;93314,97
2023-10-16;54,915432;1751,26;39,73;2894755,19;84865,55;93369,89
2023-10-17;54,899616;1766;49,65;2896521,19;84915,2;93424,79
2023-10-18;54,742021;1704,86;47,35;2898226,05;84962,55;93479,53
2023-10-19;54,976205;1760,23;46,74;2899986,28;85009,29;93534,51
2023-10-20;54,629672;1746,89;45,01;2901733,17;85054,3;93589,14
2023-10-21;54,499944;1711;54,85;2903444,17;85109,15;93643,64
2023-10-22;54,561961;1732,8;38,54;2905176,97;85147,69;93698,2
2023-10-23;54,574281;1696,61;44,83;2906873,58;85192,52;93752,77
2023-10-24;58,473822;1809,93;51,53;2908683,51;85244,05;93811,25
2023-10-25;59,73413;1791,69;56,43;2910475,2;85300,48;93870,98
2023-10-26;59,06347;1836,88;60,07;2912312,08;85360,55;93930,04
2023-10-27;61,40684;1931,88;61,18;2914243,96;85421,73;93991,45
2023-10-28;61,459208;1927,06;53,86;2916171,02;85475,59;94052,91
2023-10-29;60,857266;1889,59;51,25;2918060,61;85526,84;94113,77
2023-10-30;57,86892;1815,6;47,55;2919876,21;85574,39;94171,64
2023-10-31;56,571587;1817,85;52,49;2921694,06;85626,88;94228,21
2023-11-01;56,489501;1770,85;58,12;2923464,91;85685;94284,7
2023-11-02;57,501456;1779,95;53,7;2925244,86;85738,7;94342,2
2023-11-03;57,279418;1782,41;60,63;2927027,27;85799,33;94399,48
2023-11-04;57,097976;1780,82;60,24;2928808,09;85859,57;94456,58
2023-11-05;56,819277;1768,62;58,41;2930576,71;85917,98;94513,4
2023-11-06;57,488967;1747,27;52,55;2932323,98;85970,53;94570,89
2023-11-07;58,476327;1755,62;55,9;2934079,6;86026,43;94629,36
2023-11-08;58,386944;1573,8;37,47;2935653,4;86063,9;94687,75
2023-11-09;58,584143;1655,58;48,94;2937308,98;86112,84;94746,33
2023-11-10;50,496115;1483,63;164,4;2938792,61;86277,24;94796,83
2023-11-11;44,12735;1082,56;310,66;2939875,17;86587,9;94840,96
2023-11-12;55,390633;1750,71;31,37;2941625,88;86619,27;94896,35
2023-11-13;55,45765;1709,49;42,82;2943335,37;86662,09;94951,8
2023-11-14;54,509709;1732,94;38,85;2945068,31;86700,94;95006,31
2023-11-15;55,519566;1717,2;36;2946785,51;86736,94;95061,83
2023-11-16;55,092306;1750,09;35,52;2948535,6;86772,46;95116,93
2023-11-17;48,651821;1560,53;20,3;2950096,13;86792,76;95165,58
2023-11-18;47,783894;1461,9;17,12;2951558,03;86809,88;95213,36
2023-11-19;47,720949;1450,03;30,27;2953008,06;86840,15;95261,08
2023-11-20;51,393378;1670,44;29,02;2954678,5;86869,17;95312,48
2023-11-21;53,147812;1683,26;49,57;2956361,76;86918,74;95365,62
2023-11-22;54,092115;1706,42;30,49;2958068,18;86949,23;95419,72
2023-11-23;49,545715;1589,08;23,15;2959657,26;86972,38;95469,26
2023-11-24;48,364286;1483,87;7,85;2961141,13;86980,23;95517,63
2023-11-25;48,439492;1454,58;11,84;2962595,71;86992,07;95566,07
2023-11-26;45,517824;1466,78;12,41;2964062,49;87004,48;95611,58
2023-11-27;47,813009;1502,41;27,08;2965564,9;87031,56;95659,4
2023-11-28;47,277466;1695,88;25,26;2967260,78;87056,82;95706,67
2023-11-29;48,013294;1594,9;35,58;2968855,68;87092,4;95754,69
2023-11-30;47,59335;1378,42;76,3;2970234,1;87168,7;95802,28
2023-12-01;47,456645;1468,75;35,86;2971702,85;87204,56;95849,74
2023-12-02;47,58658;1466,64;38,61;2973169,49;87243,17;95897,32
2023-12-03;47,118901;1488,6;33,71;2974658,09;87276,88;95944,44
2023-12-04;46,797056;1510;25,13;2976168,09;87302,01;95991,24
2023-12-05;46,249287;1440,06;30,29;2977608,15;87332,3;96037,49
2023-12-06;46,416685;1447,23;33,98;2979055,38;87366,28;96083,91
2023-12-07;46,388549;1458,34;26,85;2980513,72;87393,13;96130,29
2023-12-08;46,239487;1463,86;37,25;2981977,58;87430,38;96176,53
2023-12-09;44,807723;1438,09;29,4;2983415,67;87459,78;96221,34
2023-12-10;44,604485;1425,52;28,58;2984841,19;87488,36;96265,95
2023-12-11;44,608779;1442,88;28,71;2986284,07;87517,07;96310,55
2023-12-12;44,578854;1398,13;27,64;2987682,2;87544,71;96355,13
2023-12-13;44,499766;1410,52;27,68;2989092,72;87572,39;96399,63
2023-12-14;44,708864;1375,5;27,15;2990468,22;87599,54;96444,34
2023-12-15;44,678376;1355,56;29,82;2991823,78;87629,36;96489,02
2023-12-16;44,666597;1374,57;29,49;2993198,35;87658,85;96533,69
2023-12-17;44,415611;1376,41;28,13;2994574,76;87686,98;96578,1
2023-12-18;44,218426;1356,69;30,05;2995931,45;87717,03;96622,32
2023-12-19;44,227923;1409,92;27,85;2997341,37;87744,88;96666,55
2023-12-20;44,2773;1408,69;31,11;2998750,06;87775,99;96710,83
2023-12-21;44,272327;1389,41;30,27;3000139,47;87806,26;96755,1
2023-12-22;44,400744;1410,05;32,44;3001549,52;87838,7;96799,5
2023-12-23;44,083125;1373,28;29,06;3002922,8;87867,76;96843,58
2023-12-24;40,440756;1223,58;28;3004146,38;87895,76;96884,02
2023-12-25;40,105819;1227,39;17,79;3005373,77;87913,55;96924,13
2023-12-26;43,464398;1345,73;29,5;3006719,5;87943,05;96967,59
2023-12-27;43,483778;1340,68;29,86;3008060,18;87972,91;97011,08
2023-12-28;43,385419;1379,47;25,38;3009439,65;87998,29;97054,46
2023-12-29;44,955242;1457,62;40,16;3010897,27;88038,45;97099,42
2023-12-30;45,055694;1470,53;35,02;3012367,8;88073,47;97144,47
2023-12-31;45,064919;1459,02;38,57;3013826,82;88112,04;97189,54
2024-01-01;45,04276;1453,19;35,94;3015280,01;88147,98;97234,58
2024-01-02;45,044443;1459,21;31,93;3016739,22;88179,91;97279,63
2024-01-03;45,074782;1438,21;35,96;3018177,43;88215,87;97324,7
2024-01-04;45,042368;1443,96;39,05;3019621,39;88254,92;97369,74
2024-01-05;44,989959;1414,04;38,02;3021035,43;88292,94;97414,73
2024-01-06;45,049168;1400,08;37,22;3022435,51;88330,16;97459,78
2024-01-07;59,628488;1884,18;44,62;3024319,69;88374,78;97519,41
2024-01-08;64,192364;1994,46;27,63;3026314,15;88402,41;97583,6
2024-01-09;64,447064;1983,76;58,45;3028297,91;88460,86;97648,05
2024-01-10;48,385183;1492,84;30,57;3029790,75;88491,43;97696,44
2024-01-11;44,662464;1389,23;36,15;3031179,98;88527,58;97741,1
2024-01-12;44,44365;1393,38;32,99;3032573,36;88560,57;97785,54
2024-01-13;44,35183;1376,26;26,82;3033949,62;88587,39;97829,89
2024-01-14;44,087345;1370,76;25,74;3035320,38;88613,13;97873,98
2024-01-15;44,015063;1399,7;18,75;3036720,08;88631,88;97918
2024-01-16;44,004627;1381,43;22,68;3038101,51;88654,56;97962
2024-01-17;43,993207;1368,92;21,25;3039470,43;88675,81;98005,99
2024-01-18;43,876312;1361,81;21,89;3040832,24;88697,7;98049,87
2024-01-19;43,927282;1353,95;19,79;3042186,19;88717,49;98093,8
2024-01-20;43,902414;1356,94;20,54;3043543,13;88738,03;98137,7
2024-01-21;43,718143;1342,03;17,37;3044885,16;88755,4;98181,42
2024-01-22;40,888799;1270,6;13,84;3046155,76;88769,24;98222,31
2024-01-23;0;0;0;3046155,76;88769,24;98222,31
2024-01-24;35,267705;1116,06;30,13;3047271,82;88799,37;98257,57
2024-01-25;44,030929;1285,13;25,85;3048556,95;88825,22;98301,6
2024-01-26;44,449962;1290,61;49,11;3049847,56;88874,33;98346,05
2024-01-27;44,135271;1290,18;25,76;3051137,74;88900,09;98390,19
2024-01-28;43,176952;1268,51;4,97;3052406,25;88905,06;98433,37
2024-01-29;43,475223;1224,81;9,55;3053631,06;88914,61;98476,84
2024-01-30;43,304406;1294,55;35,03;3054925,61;88949,64;98520,15
2024-01-31;45,561212;1429,02;53,24;3056354,63;89002,88;98565,71
2024-02-01;45,85509;1412,77;77,37;3057767,4;89080,25;98611,56
2024-02-02;46,79903;1340,8;85,3;3059108,2;89165,55;98658,36
2024-02-03;47,768709;1347,09;58,41;3060455,29;89223,96;98706,13
2024-02-04;47,845952;1393,75;60,97;3061849,04;89284,93;98753,98
2024-02-05;47,133019;1384,59;17,24;3063233,63;89302,17;98801,11
2024-02-06;47,604937;1375,16;47,47;3064608,79;89349,64;98848,71
2024-02-07;47,667631;1358,11;63,8;3065966,9;89413,44;98896,38
2024-02-08;44,862193;1362;56,18;3067328,9;89469,62;98941,24
2024-02-09;45,205885;1342,8;61,3;3068671,7;89530,92;98986,45
2024-02-10;45,217823;1339,06;52,19;3070010,76;89583,11;99031,67
2024-02-11;45,219381;1337,13;59,97;3071347,89;89643,08;99076,89
2024-02-12;45,127026;1322,69;60,07;3072670,58;89703,15;99122,01
2024-02-13;45,278744;1335,52;61,41;3074006,1;89764,56;99167,29
2024-02-14;45,24281;1336,68;59,46;3075342,78;89824,02;99212,54
2024-02-15;45,245342;1331,13;58,51;3076673,91;89882,53;99257,78
2024-02-16;45,253244;1331,9;54,11;3078005,81;89936,64;99303,03
2024-02-17;45,258;1357,37;61,77;3079363,18;89998,41;99348,29
2024-02-18;45,269174;1328,27;61,55;3080691,45;90059,96;99393,56
2024-02-19;45,315399;1320;62,49;3082011,45;90122,45;99438,88
2024-02-20;45,346791;1328,15;57,8;3083339,6;90180,25;99484,22
2024-02-21;45,275427;1338,95;49,68;3084678,55;90229,93;99529,5
2024-02-22;45,270742;1320,23;48,15;3085998,78;90278,08;99574,77
2024-02-23;45,155629;1298,66;59,77;3087297,44;90337,85;99619,93
2024-02-24;45,270753;1322,08;61,46;3088619,52;90399,31;99665,2
2024-02-25;45,322425;1342,08;59,4;3089961,6;90458,71;99710,52
2024-02-26;45,5616;1320,88;59,86;3091282,48;90518,57;99756,08
2024-02-27;45,548319;1334,1;60,84;3092616,58;90579,41;99801,63
2024-02-28;45,614178;1367,86;40,77;3093984,44;90620,18;99847,24
2024-02-29;45,522863;1354,74;60,45;3095339,18;90680,63;99892,77
2024-03-01;45,553521;1322,91;47,6;3096662,09;90728,23;99938,32
2024-03-02;45,587855;1331,53;52,73;3097993,62;90780,96;99983,91
2024-03-03;45,707697;1329,74;57,57;3099323,36;90838,53;100029,62
2024-03-04;45,532192;1349,96;47,73;3100673,32;90886,26;100075,15
2024-03-05;45,49193;1363,03;58,05;3102036,35;90944,31;100120,64
2024-03-06;45,548558;1332,93;40,24;3103369,28;90984,55;100166,19
2024-03-07;45,543319;1323,13;57,32;3104692,41;91041,87;100211,73
2024-03-08;45,545516;1339,72;48,98;3106032,13;91090,85;100257,28
2024-03-09;45,578888;1344,04;54,12;3107376,17;91144,97;100302,86
2024-03-10;45,772462;1345,42;58,37;3108721,59;91203,34;100348,63
2024-03-11;45,794765;1359,74;61,06;3110081,33;91264,4;100394,42
2024-03-12;45,936302;1352,47;47,54;3111433,8;91311,94;100440,36
2024-03-13;45,856077;1326,08;48,88;3112759,88;91360,82;100486,22
2024-03-14;45,941137;1327,09;45,68;3114086,97;91406,5;100532,16
2024-03-15;45,973896;1330,59;36,79;3115417,56;91443,29;100578,13
2024-03-16;46,015203;1324,55;36,75;3116742,11;91480,04;100624,15
2024-03-17;56,036111;1709,95;38;3118452,06;91518,04;100680,18
2024-03-18;62,16365;1845,74;15,05;3120297,8;91533,09;100742,35
2024-03-19;62,424638;1807,73;58,27;3122105,53;91591,36;100804,77
2024-03-20;62,618007;1789,59;74,64;3123895,12;91666;100867,39
2024-03-21;63,027336;1832,59;53,83;3125727,71;91719,83;100930,41
2024-03-22;64,121055;1915,3;50,33;3127643,01;91770,16;100994,54
2024-03-23;53,38521;1561,76;53,97;3129204,77;91824,13;101047,92
2024-03-24;45,858642;1382,18;35,26;3130586,95;91859,39;101093,78
2024-03-25;45,551202;1337,34;52,09;3131924,29;91911,48;101139,33
2024-03-26;45,438094;1326,15;60;3133250,44;91971,48;101184,77
2024-03-27;45,334344;1346,96;44,59;3134597,4;92016,07;101230,1
2024-03-28;45,196142;1364,43;39,23;3135961,83;92055,3;101275,3
2024-03-29;45,179611;1374,69;38,68;3137336,52;92093,98;101320,48
2024-03-30;48,009385;1439,91;40,07;3138776,43;92134,05;101368,49
2024-03-31;48,008365;1426,9;39,56;3140203,33;92173,61;101416,5
2024-04-01;62,600686;1865,73;50,67;3142069,06;92224,28;101479,1
2024-04-02;62,970378;1866,31;50,64;3143935,37;92274,92;101542,07
2024-04-03;63,206417;1891,7;52,6;3145827,07;92327,52;101605,27
2024-04-04;63,30213;1870,52;49,9;3147697,59;92377,42;101668,58
2024-04-05;63,342424;1878,01;52,07;3149575,6;92429,49;101731,92
2024-04-06;63,358426;1887,23;52,25;3151462,83;92481,74;101795,28
2024-04-07;63,327282;1878,52;54,79;3153341,35;92536,53;101858,6
2024-04-08;63,354991;1871,97;51,52;3155213,32;92588,05;101921,96
2024-04-09;63,243992;1882,83;50,2;3157096,15;92638,25;101985,2
2024-04-10;63,186424;1846,93;49,55;3158943,08;92687,8;102048,39
2024-04-11;49,004079;1373,24;41,2;3160316,32;92729;102097,39
2024-04-12;48,769925;1393,14;33,89;3161709,46;92762,89;102146,16
2024-04-13;48,540001;1384,79;45,15;3163094,25;92808,04;102194,7
2024-04-14;48,393025;1429,24;40,01;3164523,49;92848,05;102243,1
2024-04-15;48,354451;1436,17;42,28;3165959,66;92890,33;102291,45
2024-04-16;48,277847;1449,23;40,66;3167408,89;92930,99;102339,73
2024-04-17;47,923568;1455,6;36,73;3168864,49;92967,72;102387,65
2024-04-18;47,940263;1423,06;44,58;3170287,55;93012,3;102435,59
2024-04-19;38,757404;1158,06;30,47;3171445,61;93042,77;102474,35
2024-04-20;36,04433;1115,63;18,03;3172561,24;93060,8;102510,4
2024-04-21;36,775747;1117,11;39,7;3173678,35;93100,5;102547,17
2024-04-22;0;0;0;3173678,35;93100,5;102547,17
2024-04-23;0;0;0;3173678,35;93100,5;102547,17
2024-04-24;0;0;0;3173678,35;93100,5;102547,17
2024-04-25;0;0;0;3173678,35;93100,5;102547,17
2024-04-26;0;0;0;3173678,35;93100,5;102547,17
2024-04-27;0;0;0;3173678,35;93100,5;102547,17
2024-04-28;0;0;0;3173678,35;93100,5;102547,17
2024-04-29;35,561239;1043,88;31,76;3174722,23;93132,26;102582,73
2024-04-30;35,450845;1035,83;32,85;3175758,06;93165,11;102618,18
2024-05-01;35,487153;1059,1;32,07;3176817,16;93197,18;102653,67
2024-05-02;46,020225;1360,57;39,41;3178177,73;93236,59;102699,69
2024-05-03;46,297296;1357,53;39,94;3179535,26;93276,53;102745,99
2024-05-04;46,402508;1287,02;40,06;3180822,28;93316,59;102792,39
2024-05-05;53,984837;1590,7;49,09;3182412,98;93365,68;102846,37
2024-05-06;54,351955;1625,99;52,79;3184038,97;93418,47;102900,73
2024-05-07;54,47756;1615,57;46,61;3185654,54;93465,08;102955,2
2024-05-08;63,515276;1787,26;55,69;3187441,8;93520,77;103018,72
2024-05-09;63,893451;1871,91;60,51;3189313,71;93581,28;103082,61
2024-05-10;64,070944;1867,88;61,69;3191181,59;93642,97;103146,68
2024-05-11;64,253204;1917,6;60,47;3193099,19;93703,44;103210,94
2024-05-12;64,274915;1906,96;45,38;3195006,15;93748,82;103275,21
2024-05-13;64,381324;1898,27;42,36;3196904,42;93791,18;103339,59
2024-05-14;64,440521;1888,31;59,84;3198792,73;93851,02;103404,03
2024-05-15;63,697144;1833,82;62,42;3200626,55;93913,44;103467,73
2024-05-16;64,49995;1898,64;55,25;3202525,19;93968,69;103532,23
2024-05-17;64,615498;1899,44;58,38;3204424,63;94027,07;103596,85
2024-05-18;64,685621;1862,37;57,62;3206287;94084,69;103661,53
2024-05-19;64,708735;1826,97;75,51;3208113,97;94160,2;103726,24
2024-05-20;64,638561;1868,63;56,96;3209982,6;94217,16;103790,88
2024-05-21;65,73606;1909,49;45,2;3211892,09;94262,36;103856,62
2024-05-22;65,602928;1948,89;39,17;3213840,98;94301,53;103922,22
2024-05-23;65,603089;1940,82;74,87;3215781,8;94376,4;103987,82
2024-05-24;65,617283;1957,77;52,5;3217739,57;94428,9;104053,44
2024-05-25;61,467701;1783;63,39;3219522,57;94492,29;104114,91
2024-05-26;59,937637;1647,9;73,49;3221170,47;94565,78;104174,84
2024-05-27;64,925017;1862,73;42,34;3223033,2;94608,12;104239,77
2024-05-28;64,820992;1860,27;63,97;3224893,47;94672,09;104304,59
2024-05-29;65,759844;1931,95;65,37;3226825,42;94737,46;104370,35
2024-05-30;65,70712;1919,06;19,89;3228744,48;94757,35;104436,06
2024-05-31;65,69623;1900,31;49,48;3230644,79;94806,83;104501,75
2024-06-01;65,668111;1881,74;69,12;3232526,53;94875,95;104567,42
2024-06-02;65,685472;1900,57;83,1;3234427,1;94959,05;104633,11
2024-06-03;65,557474;1879,25;111,71;3236306,35;95070,76;104698,66
2024-06-04;65,297918;1878,64;75,85;3238184,99;95146,61;104763,96
2024-06-05;65,685435;1824,01;70,46;3240009;95217,07;104829,65
2024-06-06;65,69712;1844,83;63,81;3241853,83;95280,88;104895,35
2024-06-07;65,59598;1934,25;73,7;3243788,08;95354,58;104960,94
2024-06-08;65,652056;1932,19;73,68;3245720,27;95428,26;105026,59
2024-06-09;64,954077;1901,09;62,68;3247621,36;95490,94;105091,55
2024-06-10;47,445588;1338,81;20,37;3248960,17;95511,31;105138,99
2024-06-11;59,672392;1698,85;60,88;3250659,02;95572,19;105198,67
2024-06-12;61,745251;1868,94;62,62;3252527,96;95634,81;105260,41
2024-06-13;61,803326;1875,64;55,19;3254403,6;95690;105322,21
2024-06-14;61,532767;1828,24;56,6;3256231,84;95746,6;105383,75
2024-06-15;49,311501;1477,54;44,45;3257709,38;95791,05;105433,06
2024-06-16;47,53924;1401,27;58,95;3259110,65;95850;105480,6
2024-06-17;47,139012;1424,9;45,47;3260535,55;95895,47;105527,74
2024-06-18;46,949975;1404,9;44,36;3261940,45;95939,83;105574,69
2024-06-19;46,949121;1416,34;43,52;3263356,79;95983,35;105621,64
2024-06-20;47,007383;1399,42;45,78;3264756,21;96029,13;105668,64
2024-06-21;46,994541;1389,86;46,48;3266146,07;96075,61;105715,64
2024-06-22;46,713531;1390,49;48,49;3267536,56;96124,1;105762,35
2024-06-23;46,707126;1384,46;41,45;3268921,02;96165,55;105809,06
2024-06-24;47,493047;1386,18;42,97;3270307,2;96208,52;105856,55
2024-06-25;66,586652;1840,18;60,7;3272147,38;96269,22;105923,14
2024-06-26;67,038271;1920,66;77,17;3274068,04;96346,39;105990,18
2024-06-27;67,120411;1932,22;94,02;3276000,26;96440,41;106057,3
2024-06-28;57,979796;1693,67;82,15;3277693,93;96522,56;106115,28
2024-06-29;57,048465;1575,94;40,46;3279269,87;96563,02;106172,32
2024-06-30;66,25889;1875,15;80,8;3281145,02;96643,82;106238,58
2024-07-01;66,1811;1896,66;94,43;3283041,68;96738,25;106304,76
2024-07-02;48,443061;1435,48;64,97;3284477,16;96803,22;106353,21
2024-07-03;48,105967;1448,67;62,67;3285925,83;96865,89;106401,31
2024-07-04;47,985927;1390,34;66,27;3287316,17;96932,16;106449,3
2024-07-05;48,102552;1384,4;59,76;3288700,57;96991,92;106497,4
2024-07-06;47,997135;1384,36;60,94;3290084,93;97052,86;106545,4
2024-07-07;47,652701;1381,65;63,99;3291466,58;97116,85;106593,05
2024-07-08;63,452515;1841,31;78,37;3293307,89;97195,22;106656,5
2024-07-09;63,019532;1816,42;69,44;3295124,31;97264,66;106719,52
2024-07-10;63,27025;1847,08;87,57;3296971,39;97352,23;106782,79
2024-07-11;49,918481;1446,49;59,8;3298417,88;97412,03;106832,71
2024-07-12;45,779558;1349,75;56,57;3299767,63;97468,6;106878,49
2024-07-13;45,279196;1339;50,89;3301106,63;97519,49;106923,77
2024-07-14;44,863583;1275,77;59,87;3302382,4;97579,36;106968,63
2024-07-15;44,769431;1269,46;37,08;3303651,86;97616,44;107013,4
2024-07-16;44,701728;1274,48;59,2;3304926,34;97675,64;107058,11
2024-07-17;47,056474;1368,29;58,65;3306294,63;97734,29;107105,16
2024-07-18;0;0;0;3306294,63;97734,29;107105,16
2024-07-19;0;0;0;3306294,63;97734,29;107105,16
2024-07-20;43,094441;1221,53;25,04;3307516,16;97759,33;107148,26
2024-07-21;43,404308;1285,89;38,23;3308802,05;97797,56;107191,66
2024-07-22;43,486741;1297,26;31,74;3310099,31;97829,3;107235,15
2024-07-23;46,407739;1396,31;50,22;3311495,62;97879,52;107281,56
2024-07-24;45,331888;1357,65;49,55;3312853,27;97929,07;107326,89
2024-07-25;54,364496;1647,7;52,93;3314500,97;97982;107381,25
2024-07-26;53,017904;1566,91;44,52;3316067,88;98026,52;107434,27
2024-07-27;53,334298;1563,82;56,85;3317631,7;98083,37;107487,6
2024-07-28;53,4745;1561,69;62,44;3319193,39;98145,81;107541,08
2024-07-29;63,940318;1867,6;51,76;3321060,99;98197,57;107605,02
2024-07-30;64,13339;1851,9;66,67;3322912,89;98264,24;107669,15
2024-07-31;64,268455;1867,41;73,45;3324780,3;98337,69;107733,42
2024-08-01;64,331033;1882,51;79,55;3326662,81;98417,24;107797,75
2024-08-02;64,414496;1876,2;80,55;3328539,01;98497,79;107862,17
2024-08-03;64,473816;1840,09;71,41;3330379,1;98569,2;107926,64
2024-08-04;64,624916;1877,96;45,12;3332257,06;98614,32;107991,27
2024-08-05;52,943564;1552,59;44,59;3333809,65;98658,91;108044,21
2024-08-06;52,643783;1541,01;41,98;3335350,66;98700,89;108096,85
2024-08-07;52,530643;1512,39;32,92;3336863,05;98733,81;108149,38
2024-08-08;47,720741;1382,66;32,47;3338245,71;98766,28;108197,1
2024-08-09;47,707469;1371,01;50,25;3339616,72;98816,53;108244,81
2024-08-10;47,717566;1387,38;20,18;3341004,1;98836,71;108292,53
2024-08-11;47,639574;1388,09;31,86;3342392,19;98868,57;108340,17
2024-08-12;47,330581;1353,22;92,02;3343745,41;98960,59;108387,5
2024-08-13;46,969578;1343,78;37,46;3345089,19;98998,05;108434,47
2024-08-14;46,291227;1395,91;30,24;3346485,1;99028,29;108480,76
2024-08-15;47,031162;1423,78;36,47;3347908,88;99064,76;108527,79
2024-08-16;47,552259;1376,4;27,44;3349285,28;99092,2;108575,34
2024-08-17;47,436051;1392,68;31,14;3350677,96;99123,34;108622,78
2024-08-18;47,233087;1373,08;19,93;3352051,04;99143,27;108670,01
2024-08-19;45,004535;1344,42;42,55;3353395,46;99185,82;108715,02
2024-08-20;45,080009;1337,33;77,06;3354732,79;99262,88;108760,1
2024-08-21;44,95915;1344,3;39,37;3356077,09;99302,25;108805,06
2024-08-22;43,500767;1303,99;36,35;3357381,08;99338,6;108848,56
2024-08-23;43,44656;1280,61;35,9;3358661,69;99374,5;108892
2024-08-24;43,908829;1293,14;29,26;3359954,83;99403,76;108935,91
2024-08-25;43,44558;1318,92;44,59;3361273,75;99448,35;108979,36
2024-08-26;43,527066;1306,86;52,13;3362580,61;99500,48;109022,89
2024-08-27;43,469247;1289,5;38,53;3363870,11;99539,01;109066,35
2024-08-28;43,376569;1325,08;39,22;3365195,19;99578,23;109109,73
2024-08-29;43,439614;1317,19;37,1;3366512,38;99615,33;109153,17
2024-08-30;43,220486;1334,67;38,46;3367847,05;99653,79;109196,39
2024-08-31;42,409468;1348,25;17,86;3369195,3;99671,65;109238,8
2024-09-01;44,020861;1291,82;7,72;3370487,12;99679,37;109282,82
2024-09-02;43,954948;1284,65;16,19;3371771,77;99695,56;109326,78
2024-09-03;52,467886;1491,93;44,06;3373263,7;99739,62;109379,24
2024-09-04;62,585786;1816,1;51,54;3375079,8;99791,16;109441,83
2024-09-05;58,156484;1724,02;51,09;3376803,82;99842,25;109499,99
2024-09-06;59,116675;1765,17;43,87;3378568,99;99886,12;109559,1
2024-09-07;48,723105;1476,74;41,24;3380045,73;99927,36;109607,83
2024-09-08;45,300577;1386,43;32,35;3381432,16;99959,71;109653,13
2024-09-09;57,334759;1768,66;29,53;3383200,82;99989,24;109710,46
2024-09-10;63,375778;1903,96;44,45;3385104,78;100033,69;109773,84
2024-09-11;63,444886;1972,15;37,25;3387076,93;100070,94;109837,28
2024-09-12;63,524498;1887,85;51,54;3388964,78;100122,48;109900,81
2024-09-13;62,97023;1933,83;41,2;3390898,61;100163,68;109963,78
2024-09-14;64,183129;1929,45;2,39;3392828,06;100166,07;110027,96
2024-09-15;63,243688;1916,66;29,19;3394744,72;100195,26;110091,2
2024-09-16;63,26696;1825,05;138,41;3396569,77;100333,67;110154,47
2024-09-17;63,266555;1903,45;70,79;3398473,22;100404,46;110217,74
2024-09-18;63,305146;1919,35;54,22;3400392,57;100458,68;110281,04
2024-09-19;63,339568;1899,52;56,93;3402292,09;100515,61;110344,38
2024-09-20;58,906223;1760,67;41,72;3404052,76;100557,33;110403,29
2024-09-21;59,310548;1749,26;43,17;3405802,02;100600,5;110462,6
2024-09-22;59,304685;1757,51;33,78;3407559,53;100634,28;110521,9
2024-09-23;59,369218;1764,38;30,74;3409323,91;100665,02;110581,27
2024-09-24;52,225389;1550,22;32,6;3410874,13;100697,62;110633,5
2024-09-25;51,986794;1553,33;35,46;3412427,46;100733,08;110685,48
2024-09-26;51,8968;1545,2;35,04;3413972,66;100768,12;110737,38
2024-09-27;51,898998;1543,96;33,2;3415516,62;100801,32;110789,28
2024-09-28;51,886065;1542,41;33,27;3417059,03;100834,59;110841,17
2024-09-29;51,637289;1529,24;60,32;3418588,27;100894,91;110892,8
2024-09-30;43,678838;1290,09;30,19;3419878,36;100925,1;110936,48
2024-10-01;42,983618;1262,38;25,29;3421140,74;100950,39;110979,47
2024-10-02;62,719488;1871,51;23,52;3423012,25;100973,91;111042,19
2024-10-03;63,869959;1902,53;50,7;3424914,78;101024,61;111106,06
2024-10-04;64,256359;1967,69;33,1;3426882,47;101057,71;111170,31
2024-10-05;64,43964;1918;51,05;3428800,47;101108,76;111234,75
2024-10-06;60,471001;1793,5;27,57;3430593,97;101136,33;111295,22
2024-10-07;64,417327;1941,46;8,51;3432535,43;101144,84;111359,64
2024-10-08;64,458738;1905,57;37,41;3434441;101182,25;111424,1
2024-10-09;64,313667;1955,11;45,54;3436396,11;101227,79;111488,41
2024-10-10;39,818969;836,64;46,95;3437232,75;101274,74;111528,23
2024-10-11;64,000828;1927,74;51,7;3439160,49;101326,44;111592,23
2024-10-12;63,337188;1995,34;41,02;3441155,83;101367,46;111655,57
2024-10-13;64,632158;1981,06;58,63;3443136,89;101426,09;111720,2
2024-10-14;64,736646;1989,51;43,15;3445126,4;101469,24;111784,94
2024-10-15;60,682143;1827,51;35,47;3446953,91;101504,71;111845,62
2024-10-16;63,285416;1964,85;51,48;3448918,76;101556,19;111908,91
2024-10-17;63,326062;1962,44;55,27;3450881,2;101611,46;111972,23
2024-10-18;63,417795;1946,41;41,28;3452827,61;101652,74;112035,65
2024-10-19;63,513272;1926,15;48,33;3454753,76;101701,07;112099,16
2024-10-20;63,768647;1888,46;47,85;3456642,22;101748,92;112162,93
2024-10-21;63,642489;1904,96;48,96;3458547,18;101797,88;112226,57
2024-10-22;63,543831;1853,17;43,23;3460400,35;101841,11;112290,12
2024-10-23;63,848726;1896,35;55,57;3462296,7;101896,68;112353,97
2024-10-24;63,995207;1875,11;46,69;3464171,81;101943,37;112417,96
2024-10-25;46,57417;1478,44;24,28;3465650,25;101967,65;112464,54
2024-10-26;45,895359;1434,42;32,63;3467084,67;102000,28;112510,43
2024-10-27;45,843269;1322,95;35,87;3468407,62;102036,15;112556,27
2024-10-28;45,764248;1322,25;37,46;3469729,87;102073,61;112602,04
2024-10-29;45,63327;1390,95;43,62;3471120,82;102117,23;112647,67
2024-10-30;45,812102;1438,91;40,43;3472559,73;102157,66;112693,48
2024-10-31;47,864962;1476,9;45,77;3474036,63;102203,43;112741,35
2024-11-01;46,324056;1388,6;40,65;3475425,23;102244,08;112787,67
2024-11-02;46,177456;1411,75;32,76;3476836,98;102276,84;112833,85
2024-11-03;46,052109;1407,48;31,94;3478244,46;102308,78;112879,9
2024-11-04;41,786275;1192,75;10,01;3479437,21;102318,79;112921,69
2024-11-05;45,329804;1291,34;5,4;3480728,55;102324,19;112967,02
2024-11-06;45,855792;1399,5;46;3482128,05;102370,19;113012,87
2024-11-07;45,70094;1303,93;41,12;3483431,98;102411,31;113058,58
2024-11-08;45,564337;1418,59;34,8;3484850,57;102446,11;113104,14
2024-11-09;45,465927;1410,35;26,13;3486260,92;102472,24;113149,61
2024-11-10;45,190965;1351,96;19,23;3487612,88;102491,47;113194,8
2024-11-11;56,305715;1669,24;38,03;3489282,12;102529,5;113251,1
2024-11-12;62,391137;1864,32;29,63;3491146,44;102559,13;113313,49
2024-11-13;62,545758;1878,02;32,37;3493024,46;102591,5;113376,04
2024-11-14;62,664086;1925,3;42,88;3494949,76;102634,38;113438,7
2024-11-15;62,84898;1928,4;33,39;3496878,16;102667,77;113501,55
2024-11-16;17,019176;910,48;10,13;3497788,64;102677,9;113518,57
2024-11-17;0;0;0;3497788,64;102677,9;113518,57
2024-11-18;0;0;0;3497788,64;102677,9;113518,57
2024-11-19;0;0;0;3497788,64;102677,9;113518,57
2024-11-20;0;0;0;3497788,64;102677,9;113518,57
2024-11-21;0;0;0;3497788,64;102677,9;113518,57
2024-11-22;46,504437;1441,86;27,35;3499230,5;102705,25;113565,08
2024-11-23;58,729105;1814,14;33,48;3501044,64;102738,73;113623,81
2024-11-24;59,027293;1819,21;33,97;3502863,85;102772,7;113682,83
2024-11-25;59,217652;1783,42;54,13;3504647,27;102826,83;113742,05
2024-11-26;52,211336;1526,26;38,39;3506173,53;102865,22;113794,26
2024-11-27;47,946293;1489,51;38,54;3507663,04;102903,76;113842,21
2024-11-28;47,164305;1390,71;17,95;3509053,75;102921,71;113889,37
2024-11-29;47,152057;1270,79;29,9;3510324,54;102951,61;113936,52
2024-11-30;32,565357;1019,15;25,88;3511343,69;102977,49;113969,09
2024-12-01;62,660584;1708,78;39,19;3513052,47;103016,68;114031,75
2024-12-02;47,292451;1406,45;17;3514458,92;103033,68;114079,04
2024-12-03;46,35361;1455,73;46,26;3515914,65;103079,94;114125,4
2024-12-04;46,029971;1422,26;30,15;3517336,91;103110,09;114171,43
2024-12-05;43,335626;1330,41;27,8;3518667,32;103137,89;114214,76
2024-12-06;43,349604;1370,92;25,42;3520038,24;103163,31;114258,11
2024-12-07;43,246362;1337,84;22,46;3521376,08;103185,77;114301,36
2024-12-08;42,644119;1235,94;17,79;3522612,02;103203,56;114344
2024-12-09;42,480505;1225,53;42,63;3523837,55;103246,19;114386,48
2024-12-10;39,992626;1171,69;121,31;3525009,24;103367,5;114426,48
2024-12-11;37,383811;1091,56;27,34;3526100,8;103394,84;114463,86
2024-12-12;42,135984;1290,01;24,39;3527390,81;103419,23;114506
2024-12-13;43,663725;1409,97;35,64;3528800,78;103454,87;114549,66
2024-12-14;44,261104;1399,17;28,64;3530199,95;103483,51;114593,92
2024-12-15;58,563359;1727,04;32,68;3531926,99;103516,19;114652,48
2024-12-16;60,236938;1823,65;37,96;3533750,64;103554,15;114712,72
2024-12-17;60,219967;1763,27;68,1;3535513,91;103622,25;114772,94
2024-12-18;60,606292;1800,93;50,53;3537314,84;103672,78;114833,55
2024-12-19;60,610372;1806,3;52,39;3539121,14;103725,17;114894,16
2024-12-20;59,921269;1807,49;50,11;3540928,63;103775,28;114954,08
2024-12-21;48,040035;1436,03;39,4;3542364,66;103814,68;115002,12
2024-12-22;39,909591;1246,97;33,97;3543611,63;103848,65;115042,03
2024-12-23;38,924992;1170,67;85,1;3544782,3;103933,75;115080,95
2024-12-24;38,071656;1208,32;18,86;3545990,62;103952,61;115119,02
2024-12-25;37,972088;1173,93;21,45;3547164,55;103974,06;115157
2024-12-26;37,99911;1178,77;24,69;3548343,32;103998,75;115195
2024-12-27;37,996044;1123,53;30,9;3549466,85;104029,65;115232,99
2024-12-28;37,994139;1136,49;45,41;3550603,34;104075,06;115270,99
2024-12-29;39,060539;1179,08;180,48;3551782,42;104255,54;115310,05
2024-12-30;38,231306;1163,11;47,8;3552945,53;104303,34;115348,28
2024-12-31;38,303539;1210,68;52,64;3554156,21;104355,98;115386,58
2025-01-01;NULL;NULL;NULL;NULL;NULL;NULL
2025-01-02;NULL;NULL;NULL;NULL;NULL;NULL
2025-01-03;NULL;NULL;NULL;NULL;NULL;NULL
2025-01-04;NULL;NULL;NULL;NULL;NULL;NULL
2025-01-05;NULL;NULL;NULL;NULL;NULL;NULL
2025-01-06;NULL;NULL;NULL;NULL;NULL;NULL
2025-01-07;NULL;NULL;NULL;NULL;NULL;NULL
2025-01-08;NULL;NULL;NULL;NULL;NULL;NULL
2025-01-09;NULL;NULL;NULL;NULL;NULL;NULL
2025-01-10;NULL;NULL;NULL;NULL;NULL;NULL
2025-01-11;NULL;NULL;NULL;NULL;NULL;NULL
2025-01-12;NULL;NULL;NULL;NULL;NULL;NULL
2025-01-13;NULL;NULL;NULL;NULL;NULL;NULL
2025-01-14;NULL;NULL;NULL;NULL;NULL;NULL
2025-01-15;NULL;NULL;NULL;NULL;NULL;NULL
2025-01-16;NULL;NULL;NULL;NULL;NULL;NULL
2025-01-17;NULL;NULL;NULL;NULL;NULL;NULL
2025-01-18;NULL;NULL;NULL;NULL;NULL;NULL
2025-01-19;NULL;NULL;NULL;NULL;NULL;NULL
2025-01-20;NULL;NULL;NULL;NULL;NULL;NULL
2025-01-21;NULL;NULL;NULL;NULL;NULL;NULL
2025-01-22;NULL;NULL;NULL;NULL;NULL;NULL
2025-01-23;NULL;NULL;NULL;NULL;NULL;NULL
2025-01-24;NULL;NULL;NULL;NULL;NULL;NULL
2025-01-25;NULL;NULL;NULL;NULL;NULL;NULL
2025-01-26;NULL;NULL;NULL;NULL;NULL;NULL
2025-01-27;NULL;NULL;NULL;NULL;NULL;NULL
2025-01-28;NULL;NULL;NULL;NULL;NULL;NULL
2025-01-29;NULL;NULL;NULL;NULL;NULL;NULL
2025-01-30;NULL;NULL;NULL;NULL;NULL;NULL
