FECHA;PRESION_CASING_A;PRESION_CASING_B;PRESION_CASING_C;PRESION_FONDO_A;PRESION_FONDO_B;TEMP_FONDO_A;TEMP_FONDO_B;CHOKE;CHOKE_FCV;PRESION_LINEA;PRESION_CABEZAL;PRESION_TUBING
2023-01-01;1127,98;140,73;107,62;3869,56;3866,8;199,19;199;25,86;NULL;1955,512939;3149,85;NULL
2023-01-02;1128,05;139,12;104,69;3869,57;3869,46;199,19;199;25,86;NULL;1963,411743;3150,24;NULL
2023-01-03;1127,32;137,2;100,92;3868,13;3867,69;199,19;199;25,86;NULL;1969,483765;3150,64;NULL
2023-01-04;1126,82;135,71;99,95;3867,73;3867,32;199,22;199;25,8;NULL;1953,411377;3149,55;NULL
2023-01-05;1125,45;132,2;95,89;3879,1;3878,05;199,32;199;24,95;NULL;1954,332764;3160,01;NULL
2023-01-06;1121,79;127,62;93,47;3884,82;3884,75;199,35;199;24,65;NULL;1953,752563;3167,82;NULL
2023-01-07;1122;125,64;92,21;3884,58;3884,02;199,35;199;24,76;NULL;1957,640015;3168,29;NULL
2023-01-08;1123,03;124,55;92,1;3882,33;3881,69;199,35;199;24,95;NULL;1931,074463;3164,73;NULL
2023-01-09;1122,4;122,99;91,39;3882,04;3881,81;199,35;199;24,95;NULL;1946,50708;3165,13;NULL
2023-01-10;1121,87;121,51;90,5;3883,8;3882,4;199,35;199;24,96;NULL;1966,622681;3166,11;NULL
2023-01-11;1121,23;120,14;88,8;3882,57;3882,53;199,35;199;24,96;NULL;1959,854004;3165,88;NULL
2023-01-12;1120,41;118,33;85,88;3882,52;3882,27;199,35;199;24,95;NULL;1955,940186;3165,57;NULL
2023-01-13;1119,86;117,25;86,29;3882,39;3882,06;199,35;199;24,95;NULL;1955,281616;3165,37;NULL
2023-01-14;1108,01;112,12;83,58;3911,4;3910,89;199,56;199;22,74;NULL;1955,356934;3195,39;NULL
2023-01-15;1103,65;108,6;79,84;3923,76;3922,49;199,66;200;21,97;NULL;1958,130005;3207,37;NULL
2023-01-16;1113,35;111,21;81,36;3900,05;3899,97;199,6;200;23,72;NULL;1955,494629;3183,41;NULL
2023-01-17;1120;114,48;84,19;3880,65;3880,55;199,37;199,35;25,05;NULL;1940,137695;3162,76;NULL
2023-01-18;1118,49;113,49;84,85;3880,29;3880,08;199,35;199;25,05;NULL;1953,397095;3162,62;NULL
2023-01-19;1117,42;112,4;84,27;3880,18;3880,12;199,35;199;25,06;NULL;1955,394165;3162,37;NULL
2023-01-20;1116,66;111,29;83,54;3880,15;3880,03;199,35;199;25,06;NULL;1953,602173;3161,58;NULL
2023-01-21;1115,71;109,74;82,26;3880,02;3879,99;199,35;199;25,05;NULL;1953,82373;3161,81;NULL
2023-01-22;1109,41;107,92;80,63;3896,29;3896,25;199,41;199;23,78;NULL;1955,27063;3179,61;NULL
2023-01-23;1099;102,82;75,02;3921,91;3921,88;199,66;200;21,97;NULL;1955,171753;3205,9;NULL
2023-01-24;1100;102,88;75,24;3922,18;3921,96;199,66;200;21,97;NULL;1953,143433;3206,06;NULL
2023-01-25;1100,42;103,13;75,44;3922,41;3922,06;199,68;199,66;21,97;NULL;1955,174438;3206,29;NULL
2023-01-26;1113,81;107,38;79,17;3877,79;3877,65;199,42;199;25,17;NULL;1954,560669;3161,42;NULL
2023-01-27;1115;109,87;82,34;3866,43;3865,02;199,32;199;25,94;NULL;1957,148071;3147,92;NULL
2023-01-28;1114;110,22;82,81;3864,77;3864,64;199,31;199;25,94;NULL;1956,903442;3147,39;NULL
2023-01-29;1112,67;109,65;82,02;3864,72;3864,67;199,3;199;25,94;NULL;1960,593384;3147,16;NULL
2023-01-30;1111,61;108,22;80,71;3864,74;3864,69;199,28;199;25,9;NULL;1961,615234;3148,14;NULL
2023-01-31;1111,52;109,23;82,01;3866,56;3866,45;199,31;199;25,75;NULL;1955,481079;3149,49;NULL
2023-02-01;1111,25;109,67;81,33;3866,29;3865,38;199,31;199;25,75;NULL;1951,664307;3149,38;NULL
2023-02-02;1110,33;107,61;79,76;3868,86;3866,62;199,31;199;25,75;NULL;1983,280151;3150,89;NULL
2023-02-03;935,43;90,95;65,43;3925,69;3924,99;198,95;199;18,13;NULL;1942,115723;3204,37;NULL
2023-02-04;1121,98;115,42;87,88;3866,53;3866,35;199,26;199;25,86;NULL;1977,726318;3149,54;NULL
2023-02-05;1123,5;117,01;89,55;3865;3864,7;199,2;199;25,86;NULL;1958,329224;3148,15;NULL
2023-02-06;1122,14;115,58;88,11;3873,85;3873,48;199,32;199;24,97;NULL;1952,529297;3157,28;NULL
2023-02-07;1121,78;115,15;87,66;3874,55;3874,46;199,34;199;24,95;NULL;1962,593018;3158,41;NULL
2023-02-08;1120,84;114,09;86,5;3874,97;3874,52;199,34;199;24,95;NULL;1964,791382;3158,68;NULL
2023-02-09;1120,27;113,37;85,66;3874,73;3874,55;199,34;199;24,95;NULL;1964,379883;3158,61;NULL
2023-02-10;1119,44;112,14;84,4;3874,57;3874,53;199,34;199;24,95;NULL;1963,716553;3158,22;NULL
2023-02-11;1118,74;111,44;83,67;3873,48;3872,99;199,34;199;24,95;NULL;1936,883667;3156,63;NULL
2023-02-12;1100,35;113,74;85,98;3793,14;3792,18;198,64;199;32,01;NULL;1971,913452;3068,31;NULL
2023-02-13;1088,87;113,19;85,43;3778,01;3777,1;198,51;199;32,91;NULL;1984,00647;3055,61;NULL
2023-02-14;1085,41;112,97;85,2;3776,73;3776,6;198,5;199;32,91;NULL;1988,708008;3053,81;NULL
2023-02-15;1082,2;111,04;83,19;3775,11;3774,53;198,5;198;32,91;NULL;1975,307739;3051,19;NULL
2023-02-16;1079,4;109,81;81,98;3770,81;3770,76;198,48;198,46;32,91;NULL;1961,73291;3048,82;NULL
2023-02-17;1078;109,74;81,94;3770,28;3769,32;198,46;198,45;32,91;NULL;1958,48877;3048,14;NULL
2023-02-18;1076,32;108,81;81,18;3768,77;3768,59;198,46;198,42;32,91;NULL;1959,270264;3047,44;NULL
2023-02-19;1075,96;108,41;80,73;3770,52;3770,21;198,46;198,45;32,88;NULL;1983,208618;3048,42;NULL
2023-02-20;1089,71;107,11;79,46;3812,36;3812,13;198,74;198,73;28,79;NULL;1979,366211;3092,73;NULL
2023-02-21;1097,02;107,03;79,38;3823,48;3822,3;198,85;198,84;27,94;NULL;1980,73291;3104,08;NULL
2023-02-22;1098,15;107,31;79,82;3823,71;3822,4;198,85;198,84;27,94;0;1962,370728;3119;0
2023-02-23;1101,2;105,76;78,35;3845,93;3844,71;198,98;198,97;26,36;NULL;1961,156128;3128,02;NULL
2023-02-24;1104,41;105,6;78,17;3853,54;3851,38;199,05;199,04;25,94;NULL;1958,606934;3135,36;NULL
2023-02-25;1105,03;104,93;77,46;3853,87;3853,54;199,15;199,05;25,94;NULL;1957,359253;3135,86;NULL
2023-02-26;1105,38;105,14;77,7;3853,9;3853,61;199,15;199,05;25,94;NULL;1955,249878;3136,96;NULL
2023-02-27;1105,68;105,38;77,95;3856,64;3856,52;199,16;199,15;25,94;NULL;1959,234497;3140,48;NULL
2023-02-28;1099,68;106,73;79,13;3822,85;3822,54;198,95;198,83;28,68;NULL;1976,785156;3101,88;NULL
2023-03-01;1092,76;107,16;79,52;3802,95;3802,78;198,7;198,69;29,82;NULL;1981,128662;3083,31;NULL
2023-03-02;1098,07;105,48;77,86;3842,54;3841,27;198,95;198,93;26,77;NULL;1971,005859;3123,16;NULL
2023-03-03;1094,37;106,06;78,37;3810,09;3809,8;198,84;198,83;29,08;NULL;1966,702637;3089,77;NULL
2023-03-04;1092,26;106,12;78,45;3808,62;3808,34;198,82;198,8;28,94;NULL;1955,24585;3088,66;NULL
2023-03-05;1091,38;106,11;78,52;3808,45;3808,16;198,82;198,8;28,94;NULL;1962,206421;3088,62;NULL
2023-03-06;1091,39;106,6;79,19;3808,72;3808,66;198,82;198,81;29,11;NULL;1975,11731;3089,3;NULL
2023-03-07;1090,38;105,73;78,27;3808,65;3808,36;198,82;198,7;29,13;NULL;1965,745605;3088,8;NULL
2023-03-08;1090,04;106,54;79,19;3808,61;3808,26;198,82;198,7;29,13;NULL;1978,314697;3088,68;NULL
2023-03-09;1089,47;106,28;78,89;3808,24;3808,12;198,81;198,69;29,13;NULL;1964,442017;3088,42;NULL
2023-03-10;1092,63;105,56;78,16;3821,61;3821,42;198,95;198,84;27,97;NULL;1976,450439;3102,64;NULL
2023-03-11;1093;105,31;77,89;3821,3;3818,93;198,95;198,85;27,93;NULL;1956,640991;3101,89;NULL
2023-03-12;1092,66;105,26;77,88;3821,41;3820,77;198,95;198,85;27,93;NULL;1952,799683;3101,36;NULL
2023-03-13;1093,3;106,52;79,18;3822,01;3821,89;198,95;198,85;27,93;NULL;1978,169922;3103,19;NULL
2023-03-14;1092,95;105,37;77,94;3822,04;3821,83;198,95;198,85;27,94;NULL;1963,270874;3102,72;NULL
2023-03-15;1092,39;104,24;76,85;3821,77;3820,09;198,95;198,85;27,94;NULL;1960,171631;3101,89;NULL
2023-03-16;1092,23;104,55;77,24;3821,73;3819,58;198,95;198,85;27,93;NULL;1961,599609;3101,9;NULL
2023-03-17;1092,36;105,49;78,11;3821,71;3819,04;198,95;198,85;27,93;NULL;1965,1875;3102,35;NULL
2023-03-18;1091,54;104,27;76,93;3819,87;3819,11;198,95;198,85;27,93;NULL;1955,250488;3101,28;NULL
2023-03-19;1091,3;104,67;77,31;3818,73;3818,6;198,95;198,85;27,93;NULL;1957,260864;3100,96;NULL
2023-03-20;1090,92;105,65;78,31;3817,88;3816,6;198,85;198,84;28,03;NULL;1952,704834;3099,05;NULL
2023-03-21;1090,58;104,92;77,57;3817,95;3816,62;198,86;198,84;28,03;NULL;1957,039551;3100,03;NULL
2023-03-22;1090,44;105,37;78,02;3818,52;3818,17;198,95;198,85;28,03;NULL;1978,317017;3100,9;NULL
2023-03-23;1090,31;105,11;77,73;3818,6;3818,52;198,95;198,85;28,03;NULL;1982,278931;3100,92;NULL
2023-03-24;1090,18;105,45;78,06;3818,58;3817,89;198,95;198,85;28,04;NULL;1973,418213;3100,52;NULL
2023-03-25;1089,74;104,67;77,25;3818,17;3817,34;198,95;198,85;28,03;NULL;1978,458984;3100,33;NULL
2023-03-26;1089,38;103,93;76,57;3819,71;3819,33;198,95;198,85;27,99;NULL;1979,693726;3100,93;NULL
2023-03-27;1090,24;103,82;76,42;3823,95;3823,7;198,96;198,93;27,83;NULL;1962,562744;3104,59;NULL
2023-03-28;1090,17;104,38;77,01;3822,67;3822,05;198,96;198,86;27,83;NULL;1955,103271;3104,07;NULL
2023-03-29;1090,43;104,9;77,53;3823,84;3823,48;198,96;198,95;27,83;NULL;1964,619507;3104,45;NULL
2023-03-30;1090,35;104,25;76,88;3823,96;3823,7;198,96;198,95;27,83;NULL;1978,976074;3104,65;NULL
2023-03-31;1090,17;104,45;77,05;3823,88;3823,51;198,96;198,95;27,83;NULL;1978,546997;3104,55;NULL
2023-04-01;1090,09;104,53;77,17;3824;3823,88;198,96;198,95;27,83;NULL;1984,567017;3104,88;NULL
2023-04-02;1089,73;104,79;77,45;3824,17;3823,89;198,96;198,95;27,81;NULL;1984,002686;3104,9;NULL
2023-04-03;1091,04;103,92;76,5;3832,09;3831,99;199;198,99;26,94;NULL;1978,677856;3114,82;NULL
2023-04-04;1091,96;104,5;77,15;3832,25;3832,08;199;199;26,94;NULL;1981,681274;3115,18;NULL
2023-04-05;1091,98;104,57;77,26;3832,15;3832,04;199;199;26,94;NULL;1978,55542;3114,87;NULL
2023-04-06;1091,9;104,59;77,26;3838,92;3838,51;199,06;199,03;26,45;NULL;1975,275635;3122,48;NULL
2023-04-07;1093,3;103,81;76,37;3843,21;3842,34;199,08;199,07;26,43;NULL;1961,411133;3126,61;NULL
2023-04-08;1093,06;105,86;78,45;3832,84;3832,64;199;199;27,05;NULL;1978,161133;3116,9;NULL
2023-04-09;1092,73;104,25;76,81;3840,41;3838,69;199,01;199;26,61;NULL;1983,570312;3122,67;NULL
2023-04-10;1093,5;102,79;75,35;3845,42;3845,33;199,09;199,08;26,35;NULL;1963,128296;3127,69;NULL
2023-04-11;1061,87;103,92;76,57;3766,33;3765,82;198,45;198,4;32,06;NULL;1992,851318;3042,36;NULL
2023-04-12;1001,24;102,47;75,09;3672,6;3671,94;197,55;197,55;37,88;NULL;1981,849854;2940,37;NULL
2023-04-13;993,58;101,08;73,64;3667,55;3667,18;197,5;197,5;37,88;NULL;1992,544189;2937,71;NULL
2023-04-14;988,12;100,75;73,3;3664,36;3664,15;197,5;197,47;37,88;NULL;1986,991943;2933,93;NULL
2023-04-15;985,09;101,11;73,59;3662,63;3662,17;197,47;197,46;37,88;NULL;1988,296631;2931,88;NULL
2023-04-16;982,43;101,15;72,96;3660,12;3659,65;197,46;197,35;37,88;NULL;1984,556641;2930,21;NULL
2023-04-17;983,3;102,36;74;3662,35;3661,54;197,46;197,45;37,88;NULL;1991,932617;2932,13;NULL
2023-04-18;983,09;102,88;73,85;3662,11;3661,94;197,46;197,45;37,88;NULL;1992,411255;2931,82;NULL
2023-04-19;982,25;103,12;73,4;3661,64;3660,26;197,46;197,35;37,88;NULL;1993,156128;2930,9;NULL
2023-04-20;980,6;102,93;74,28;3658,69;3658,45;197,45;197,35;37,88;NULL;1986,76709;2928,98;NULL
2023-04-21;979,74;103,3;75,67;3657,6;3657,14;197,38;197,35;37,88;NULL;1988,773926;2928,83;NULL
2023-04-22;979,03;104,49;76,19;3656,64;3656,3;197,35;197,34;37,88;NULL;1984,319824;2927,89;NULL
2023-04-23;979,21;106,08;78,55;3657,2;3656,94;197,35;197,34;37,87;NULL;1985,179932;2927,98;NULL
2023-04-24;982,44;106,36;78,54;3662,03;3660,13;197,45;197,36;37,88;NULL;1987,500854;2932,5;NULL
2023-04-25;982,4;105,35;77,36;3661,92;3661,8;197,46;197,35;37,88;NULL;1985,373047;2933,01;NULL
2023-04-26;982,09;104;75,72;3661,96;3661,92;197,46;197,35;37,88;NULL;1986,06958;2933,22;NULL
2023-04-27;981,98;103,68;75,66;3662,03;3661,92;197,46;197,36;37,88;NULL;1987,228882;2933,29;NULL
2023-04-28;981,81;104,04;76,42;3661,95;3661,73;197,46;197,35;37,88;NULL;1985,909302;2933,07;NULL
2023-04-29;981,72;104,29;76,62;3661,89;3661,58;197,45;197,35;37,88;NULL;1985,734619;2932,97;NULL
2023-04-30;981,95;104,92;76,74;3661,92;3661,67;197,45;197,35;37,88;NULL;1985,958862;2932,92;NULL
2023-05-01;979,92;104,43;76,79;3658,51;3657,1;197,35;197,35;37,88;NULL;1968,551025;2929,45;NULL
2023-05-02;980,37;104,15;75,75;3661,18;3660,06;197,45;197,35;37,88;NULL;1982,602661;2931,95;NULL
2023-05-03;980,77;103,44;75,35;3660,09;3659,65;197,45;197,35;37,88;NULL;1986,489136;2931,88;NULL
2023-05-04;996,73;104,47;76,51;3684,52;3684,16;197,58;197,57;36,4;NULL;1970,28186;2958,84;NULL
2023-05-05;1046,17;104,76;76,66;3796,37;3796,03;198,54;198,52;28,39;NULL;1974,106934;3079,23;NULL
2023-05-06;1072,8;105,9;77,55;3832,92;3832,12;198,98;198,95;25,95;NULL;1980,44397;3119,2;NULL
2023-05-07;1078,22;107,09;79,02;3837,4;3837,36;199;198,99;25,95;NULL;1978,975342;3120,68;NULL
2023-05-08;1081,89;107,83;79,66;3839,35;3838,66;199;199;25,95;NULL;1975,61731;3123,16;NULL
2023-05-09;1084;107,49;79,18;3839,99;3839,96;199,01;199;25,95;NULL;1980,857788;3124,99;NULL
2023-05-10;1036,41;108,39;80,36;3715,41;3714,95;198,09;198,07;35,95;NULL;1990,218018;2988,84;NULL
2023-05-11;1021,11;107,52;79,71;3704,24;3703,92;197,85;197,85;36,4;NULL;1985,761719;2976,6;NULL
2023-05-12;1016,75;106,6;78,91;3699,17;3698,95;197,84;197,82;36,4;NULL;1972,314087;2973,34;NULL
2023-05-13;1065,06;104,87;77,04;3827,32;3827,13;198,85;198,84;26,4;NULL;1959,225952;3112,92;NULL
2023-05-14;1080,09;104,8;76,84;3846,58;3845,57;199,04;199,01;25,45;NULL;1969,768066;3130,75;NULL
2023-05-15;1083,96;105,43;77,51;3847,96;3847,85;199,12;199,04;25,45;NULL;1963,344482;3132,93;NULL
2023-05-16;451,45;64,46;46,26;4011,2;4010,96;197,82;197,8;4,45;NULL;1957,170654;3278,58;NULL
2023-05-17;16,83;51,27;30,24;4047,99;4047,95;196,58;196,57;0;NULL;1947,662231;3299,67;NULL
2023-05-18;4,99;51,41;28;4053,22;4050,39;196,17;196,15;0;NULL;1945,770752;3296,97;NULL
2023-05-19;2,35;51,21;27,49;4053,66;4053,55;196,01;196;0;NULL;1933,434082;3296,07;NULL
2023-05-20;5,02;51,16;27,38;4054,64;4054,01;195,76;195,72;0;NULL;1928,832642;3295,3;NULL
2023-05-21;8,39;51,48;27,34;4055,42;4055,39;195,68;195,64;0;NULL;1953,893066;3293,98;NULL
2023-05-22;15,29;52,05;27,39;4048,12;4047,8;195,68;195,66;1,13;NULL;1946,123047;3286,02;NULL
2023-05-23;1014,52;222,31;53,26;3867,6;3867,46;199,13;199,1;25,06;NULL;1964,836548;3149,02;NULL
2023-05-24;1107,91;216,59;92,02;3802,2;3802,04;198,71;198,7;29,89;NULL;1983,410278;3081,65;NULL
2023-05-25;1088,39;191,7;113,77;3739,76;3739,6;198,21;198,18;34,89;NULL;1988,407104;3013,5;NULL
2023-05-26;1053,96;187,94;119,03;3682,47;3682,35;197,65;197,58;37,83;NULL;1998,671753;2950,08;NULL
2023-05-27;1046,48;184,1;119,25;3674,52;3673,94;197,54;197,52;37,88;NULL;1994,57019;2944,43;NULL
2023-05-28;991,33;148,81;111,99;3834,41;3834,21;198,41;198,4;24,34;NULL;1951,39209;3112,85;NULL
2023-05-29;1102,18;159,75;125,85;3777,45;3776,83;198,5;198,49;30,93;NULL;1978,593628;3058,76;NULL
2023-05-30;410,17;89,6;70,54;4011,12;4010,34;197,33;197,31;3,65;NULL;1960,647339;3274,67;NULL
2023-05-31;36,21;55,61;30,54;4047,73;4047,41;196,24;196,21;0;NULL;1953,933594;3296,5;NULL
2023-06-01;30,95;52,42;26,07;4040,28;4039,45;196,1;196,05;1,31;NULL;1955,656738;3284,58;NULL
2023-06-02;1042,26;174,24;61,37;3798,35;3797,26;198,54;198,52;29,89;NULL;1985,678955;3076,45;NULL
2023-06-03;1103,86;172,53;103,47;3792,87;3792,82;198,65;198,54;29,94;NULL;1980,797974;3073,23;NULL
2023-06-04;1112,72;167,1;118,25;3792,65;3792,26;198,65;198,55;29,93;NULL;1966,860962;3072,78;NULL
2023-06-05;1117,27;166,19;124,01;3792,15;3792,09;198,65;198,55;29,93;NULL;1978,975342;3072,55;NULL
2023-06-06;1119,36;164,5;123,3;3792,12;3792;198,66;198,65;29,93;NULL;1983,104492;3072,68;NULL
2023-06-07;1125,84;157,89;116,3;3834,75;3834,51;198,96;198,95;26,35;NULL;1970,691895;3118,96;NULL
2023-06-08;1130,23;155,11;113,56;3840,37;3840,15;199,04;199,01;25,94;NULL;1963,389893;3125,11;NULL
2023-06-09;1131,25;151,61;109,72;3840,54;3840,27;199,04;199,01;25,94;NULL;1957,906982;3125,31;NULL
2023-06-10;1131,86;149,24;108,62;3840,57;3840,32;199,05;199,04;25,94;NULL;1953,844482;3125,18;NULL
2023-06-11;1131,58;145,86;105,11;3841,29;3840,49;199,05;199,04;25,94;NULL;1963,687744;3126,25;NULL
2023-06-12;1131,6;143,11;103,2;3841,65;3840,8;199,05;199,04;25,94;NULL;1963,950073;3126,49;NULL
2023-06-13;1131,29;140,31;101,02;3841,19;3840,8;199,05;199,05;25,94;NULL;1961,773682;3126,11;NULL
2023-06-14;1130;136,95;98,09;3855,64;3855,57;199,19;199,18;24,97;NULL;1952,473145;3140,74;NULL
2023-06-15;1130,57;135,66;95,11;3856,12;3856;199,3;199,18;24,95;NULL;1952,895386;3141,7;NULL
2023-06-16;1130,51;134,19;92,69;3856,64;3856,56;199,31;199,19;24,95;NULL;1960,195068;3142,76;NULL
2023-06-17;1130,24;132,94;90,66;3857,96;3857,52;199,31;199,19;24,95;NULL;1977,606323;3143,47;NULL
2023-06-18;1130,4;131,95;89,45;3856,79;3856,66;199,31;199,19;24,95;NULL;1959,350708;3142,73;NULL
2023-06-19;1129,45;130,72;88,13;3862,56;3861,17;199,31;199,3;24,95;NULL;1964,025269;3145,79;NULL
2023-06-20;1129;129,03;85,3;3863,51;3863,4;199,34;199,31;24,95;NULL;1978,664429;3147,42;NULL
2023-06-21;1128,69;127,62;83,32;3863,56;3863,25;199,34;199,32;24,95;NULL;1964,623169;3147,07;NULL
2023-06-22;1128,59;126,94;84,02;3863,48;3862,07;199,34;199,32;24,95;NULL;1960,018311;3146,79;NULL
2023-06-23;1128,53;126,24;83,64;3863,4;3862,07;199,34;199,32;24,95;NULL;1958,045776;3146,64;NULL
2023-06-24;1128,47;125,81;84,94;3862,14;3862,06;199,34;199,32;24,95;NULL;1955,382202;3146,43;NULL
2023-06-25;1128,25;124,66;81,28;3863,39;3863,33;199,34;199,32;24,95;NULL;1965,71936;3146,95;NULL
2023-06-26;1127,75;123,46;80,06;3863,51;3863,3;199,34;199,32;24,95;NULL;1966,817505;3147,37;NULL
2023-06-27;1127,33;122,42;78,58;3863,5;3863,38;199,34;199,32;24,95;NULL;1976,92981;3147,69;NULL
2023-06-28;1127,17;122,01;79,38;3863,73;3863,04;199,34;199,32;24,96;NULL;1978,975342;3147,63;NULL
2023-06-29;1126,78;121,58;79,53;3863,19;3862,1;199,34;199,32;24,95;NULL;1964,68689;3146,99;NULL
2023-06-30;1126,59;121,25;79,09;3863,48;3862,6;199,34;199,32;24,95;NULL;1972,333252;3146,92;NULL
2023-07-01;1125,75;119,86;75,72;3862,59;3862,1;199,34;199,32;24,95;NULL;1960,889404;3146,02;NULL
2023-07-02;1098,77;111,56;71,16;3874,75;3874,57;199,34;199,31;24,79;NULL;1934,828369;3143,44;NULL
2023-07-03;1125,48;117,28;77,18;3856,18;3856,03;199,28;199,25;25,35;NULL;1909,718994;3139,27;NULL
2023-07-04;1124,41;120,21;80,08;3822,06;3821,99;199,01;199;27,84;NULL;1950,049805;3104,09;NULL
2023-07-05;1121,65;119,45;79,13;3823,49;3822,96;198,98;198,97;27,52;NULL;1960,674194;3105,17;NULL
2023-07-06;1122,34;117,96;76,48;3830,11;3830,06;199,04;199,01;26,94;NULL;1980,989624;3112,55;NULL
2023-07-07;1121,95;117,58;77,27;3830,05;3830,02;199,04;199,01;26,94;NULL;1985,367554;3112,65;NULL
2023-07-08;1121,5;117,29;77,63;3830,05;3829,9;199,04;199,01;26,94;NULL;1984,429321;3112,46;NULL
2023-07-09;1121;117,51;78,54;3828,95;3827,5;199,03;199,01;26,94;NULL;1960,939819;3111,73;NULL
2023-07-10;1120,46;117,08;77,08;3826,73;3826,62;199,04;199,01;26,94;NULL;1960,468872;3111,55;NULL
2023-07-11;1119,13;116,98;77,46;3821,89;3821,53;199,01;199;27,51;NULL;1955,366455;3103,88;NULL
2023-07-12;1108,86;117,28;78,38;3791,16;3790,97;198,74;198,73;30,26;NULL;1958,415283;3071,54;NULL
2023-07-13;1104,67;117,21;76,73;3782,62;3782,15;198,66;198,66;30,82;NULL;1954,851318;3062,48;NULL
2023-07-14;1103;116,45;75,83;3783,8;3783,46;198,66;198,65;30,82;NULL;1978,812012;3063,63;NULL
2023-07-15;1101,92;116,17;77,51;3782,32;3782,13;198,66;198,65;30,82;NULL;1967,654785;3062,51;NULL
2023-07-16;1100,5;115,46;76,75;3781,99;3781,87;198,66;198,65;30,82;NULL;1977,741333;3062,08;NULL
2023-07-17;1100,03;115,38;77,86;3781,99;3781,77;198,66;198,6;30,82;NULL;1981,368408;3061,87;NULL
2023-07-18;1099,57;114,93;76,47;3781,95;3781,67;198,66;198,65;30,82;NULL;1983,932495;3063;NULL
2023-07-19;1098,4;114,63;76,38;3778,7;3778,66;198,65;198,55;30,82;NULL;1962,205566;3060,2;NULL
2023-07-20;1097,52;114,1;75,36;3778,62;3778,47;198,65;198,55;30,82;NULL;1963,862427;3060,06;NULL
2023-07-21;1096,91;113,67;74,58;3778,61;3778,49;198,65;198,55;30,82;NULL;1978,934692;3060,35;NULL
2023-07-22;1096,35;113,45;75,78;3778,29;3778,13;198,65;198,55;30,82;NULL;1962,537964;3059,25;NULL
2023-07-23;1095,93;113,03;75,01;3778,1;3777,68;198,65;198,55;30,82;NULL;1976,557739;3060,12;NULL
2023-07-24;1095,47;112,66;74,45;3778,48;3777,39;198,65;198,55;30,82;NULL;1978,753052;3059,91;NULL
2023-07-25;350,52;57,93;37,95;4023,85;4022,9;197,5;197,47;5,23;NULL;1952,06311;3248,92;NULL
2023-07-26;697,21;121,45;45,5;3870,2;3869,56;197,9;197,88;24,2;NULL;1953,910889;2843,93;NULL
2023-07-27;1075,44;194,7;79,68;3683,9;3683,51;197,77;197,76;37,49;NULL;1974,31665;2953,47;NULL
2023-07-28;1116,89;197,8;83,27;3766,87;3766,65;198,39;198,37;30,98;NULL;1955,941528;3047,19;NULL
2023-07-29;1108,15;198,81;84,53;3727,62;3727,07;198,16;198,06;34,9;NULL;1963,985962;3002,95;NULL
2023-07-30;1104,32;194,77;84,12;3725,26;3723,95;198,05;198,05;34,9;NULL;1967,73938;3000,96;NULL
2023-07-31;1096,98;160,31;100,07;3722,95;3722,73;198,05;198,04;34,9;NULL;1983,47229;3000,83;NULL
2023-08-01;1094,51;159,27;97,27;3721,75;3721,05;198,05;198,04;34,9;NULL;1965,877686;3000,02;NULL
2023-08-02;1092,24;157,66;91,81;3720,63;3720,45;198,05;198,03;34,9;NULL;1962,247681;2998,62;NULL
2023-08-03;1090,63;155,35;86,45;3720,45;3720,35;198,04;198,03;34,9;NULL;1977,588379;2998,99;NULL
2023-08-04;1088,98;154,23;85,08;3720,18;3720,11;198,04;198,01;34,9;NULL;1966,737549;2997,77;NULL
2023-08-05;1087,29;152,02;82,35;3720,08;3719,99;198,04;198,01;34,9;NULL;1970,455078;2997,45;NULL
2023-08-06;1088,27;150,04;80,77;3725,35;3725,2;198,12;198,03;34,47;NULL;1967,962402;3002,96;NULL
2023-08-07;1077,47;147,65;79,4;3706,7;3705,51;198,02;197,99;35,71;NULL;1983,609375;2981,23;NULL
2023-08-08;1071,56;145,46;78,7;3701,88;3700,47;197,96;197,85;35,89;NULL;1982,258057;2976,72;NULL
2023-08-09;1070,3;144,04;78,43;3700,87;3698,91;197,95;197,85;35,89;NULL;1985,251831;2976,62;NULL
2023-08-10;1044,14;140,11;76,28;3663,01;3662,56;197,59;197,56;37,81;NULL;1983,557861;2935,31;NULL
2023-08-11;1021,53;135,91;75,42;3640,58;3640,48;197,34;197,32;38,89;NULL;1990,494995;2910,14;NULL
2023-08-12;968,49;128,3;72,03;3579,74;3579,35;196,72;196,71;40,98;NULL;1988,670532;2842,03;NULL
2023-08-13;959,09;125,36;70,12;3576,58;3576,46;196,64;196,55;40,98;NULL;1992,109375;2839,1;NULL
2023-08-14;955,32;123,69;69,34;3574,56;3574,37;196,55;196,55;40,98;NULL;1992,365967;2837,55;NULL
2023-08-15;951,73;122,61;69,5;3571,07;3570,46;196,55;196,52;40,98;NULL;1989,264282;2834,15;NULL
2023-08-16;949,67;121,58;69,18;3569,2;3568,97;196,53;196,51;40,98;NULL;1988,575928;2833,19;NULL
2023-08-17;948,58;120,94;68,85;3568,84;3568,7;196,51;196,51;40,98;NULL;1992,814697;2833,21;NULL
2023-08-18;949,08;120,74;68,89;3570,53;3570,45;196,54;196,51;40,98;NULL;2010,666504;2835,22;NULL
2023-08-19;947,7;120,42;69,51;3568,78;3568,46;196,51;196,5;40,98;NULL;2004,537109;2833,26;NULL
2023-08-20;947,08;119,9;69,39;3568,69;3568,58;196,51;196,5;40,98;NULL;2007,633423;2833,18;NULL
2023-08-21;945,59;120,23;71,25;3568,06;3567,87;196,5;196,5;40,97;NULL;1987,988403;2831,8;NULL
2023-08-22;943,18;119,85;71,19;3565,79;3565,57;196,5;196,5;40,97;NULL;1984,874634;2828,99;NULL
2023-08-23;943,87;118,77;69,44;3567,39;3567,16;196,5;196,5;40,97;NULL;1988,733398;2831,2;NULL
2023-08-24;944,9;119,14;70,76;3567,83;3567,54;196,5;196,5;40,97;NULL;1994,224854;2831,78;NULL
2023-08-25;945,32;119,44;71,66;3568,46;3568,31;196,51;196,5;40,97;NULL;1993,104492;2832,63;NULL
2023-08-26;943,33;118,77;70,65;3566,5;3566,4;196,5;196,5;40,96;NULL;1988,148682;2830,23;NULL
2023-08-27;943,37;118,99;71,3;3566,56;3565,94;196,5;196,5;40,97;NULL;1984,979126;2830,27;NULL
2023-08-28;944,63;118,44;69,19;3568,31;3568,15;196,51;196,5;40,97;NULL;1993,388672;2832,57;NULL
2023-08-29;945,99;117,94;67,89;3569,02;3568,59;196,51;196,5;40,97;NULL;2009,748657;2834,64;NULL
2023-08-30;944,39;117,1;66,77;3568,7;3568,56;196,51;196,5;40,97;NULL;1994,307373;2832,93;NULL
2023-08-31;945,22;117,07;67,13;3569,16;3568,69;196,51;196,5;40,97;NULL;2008,073364;2834,7;NULL
2023-09-01;944,64;117,06;67,76;3568,97;3568,86;196,51;196,51;40,97;NULL;1993,789795;2833,31;NULL
2023-09-02;943,5;116,57;67,54;3568,46;3568,28;196,51;196,5;40,97;NULL;1990,987061;2832,71;NULL
2023-09-03;945,69;116,8;68,52;3570,5;3570,32;196,51;196,51;40,97;NULL;2009,123169;2835,39;NULL
2023-09-04;947,59;117,96;70,98;3571,48;3571,25;196,54;196,51;40,97;NULL;1992,305786;2837,16;NULL
2023-09-05;946,79;116,25;67,05;3572,94;3572,34;196,54;196,51;40,97;NULL;1986,057373;2837,21;NULL
2023-09-06;949,23;116,13;66,88;3575,75;3575,4;196,55;196,54;40,97;NULL;2007,258911;2840,03;NULL
2023-09-07;948,28;116,09;67,78;3574,54;3573,22;196,55;196,54;40,97;NULL;1992,494263;2838,36;NULL
2023-09-08;947,23;115,91;68,25;3573,76;3572,8;196,54;196,51;40,97;NULL;1985,846191;2837,32;NULL
2023-09-09;948,56;115,7;67,89;3574,44;3573,99;196,55;196,54;40,97;NULL;1991,324585;2839,35;NULL
2023-09-10;948,67;115,72;67,91;3574,39;3574,18;196,55;196,54;40,96;NULL;1990,355103;2839,36;NULL
2023-09-11;951,13;116,87;69,84;3576,65;3576,31;196,57;196,55;40,88;NULL;1995,507812;2841,22;NULL
2023-09-12;949,76;116,77;69,62;3575,21;3574,76;196,55;196,55;40,88;NULL;1988,826782;2839,78;NULL
2023-09-13;951,37;117,08;69,73;3576,69;3576,57;196,65;196,55;40,88;NULL;1994,223145;2841,22;NULL
2023-09-14;951,78;117,27;69,7;3576,72;3576,59;196,65;196,55;40,88;NULL;1994,616211;2841,43;NULL
2023-09-15;950,92;117,14;68,82;3576,49;3576,27;196,65;196,55;40,88;NULL;1991,333008;2840,9;NULL
2023-09-16;950,68;116,77;67,74;3576,17;3576,04;196,65;196,55;40,88;NULL;1990,593628;2841,12;NULL
2023-09-17;952,64;116,57;67,3;3578,75;3578,6;196,66;196,65;40,87;NULL;2010,396973;2844,68;NULL
2023-09-18;952,24;116,52;67,62;3578,44;3576,93;196,66;196,65;40,88;NULL;1992,079712;2843,52;NULL
2023-09-19;952,11;116,79;68,5;3577,68;3576,74;196,66;196,63;40,88;NULL;1991,981201;2843,13;NULL
2023-09-20;951,91;116,46;67,82;3578,39;3576,93;196,66;196,65;40,88;NULL;1991,491211;2843,26;NULL
2023-09-21;954,17;116,44;67,62;3582,15;3581,7;196,68;196,67;40,71;NULL;1995,453247;2847,91;NULL
2023-09-22;953,92;116,92;68,93;3580,99;3580,31;196,67;196,66;40,88;NULL;2012,661621;2845,67;NULL
2023-09-23;954,74;116,97;68,75;3581,91;3581,69;196,68;196,66;40,88;NULL;2013,943359;2846,98;NULL
2023-09-24;953,11;116,41;68,15;3579,19;3578,69;196,66;196,66;40,87;NULL;1994,985107;2844,15;NULL
2023-09-25;952,06;116,72;68,83;3577,46;3576,7;196,66;196,65;40,88;NULL;1988,374146;2842,46;NULL
2023-09-26;952,01;115,94;67,39;3577,61;3577,08;196,66;196,65;40,88;NULL;1990,428955;2842,8;NULL
2023-09-27;951,19;116,23;68,99;3577,24;3577,04;196,66;196,55;40,88;NULL;1989,281128;2841,43;NULL
2023-09-28;951,35;116,48;69,89;3579,14;3578,12;196,66;196,57;40,76;NULL;1982,592041;2842,23;NULL
2023-09-29;951,66;116,3;69,18;3576,6;3576,28;196,65;196,65;40,98;NULL;1991,825073;2841,83;NULL
2023-09-30;953;116,67;69,4;3578,83;3577,26;196,66;196,65;40,98;NULL;1996,009888;2843,4;NULL
2023-10-01;1002,85;120,87;69,46;3646,63;3646,4;197,22;197,21;37,57;NULL;1990,635254;2920,58;NULL
2023-10-02;1038,2;127,48;71,89;3679,98;3679,94;197,65;197,65;35,99;NULL;1966,18103;2957,76;NULL
2023-10-03;1042,93;128,89;73,77;3682,08;3681,87;197,68;197,66;35,99;NULL;1978,556885;2959,99;NULL
2023-10-04;1024,76;126,73;72,09;3653,39;3653,14;197,46;197,44;37,61;NULL;1983,129028;2927,46;NULL
2023-10-05;986,94;122,37;74,37;3609,29;3608,92;197,01;197;39,88;NULL;1985,617188;2877,28;NULL
2023-10-06;977,58;120,22;72,96;3600,88;3600,67;196,98;196,87;40,23;NULL;1984,509521;2866,56;NULL
2023-10-07;959,66;117,51;71,46;3583,79;3583,54;196,7;196,69;40,98;NULL;1991,626099;2845,72;NULL
2023-10-08;1031,57;123,12;69,8;3583,33;3583,31;196,7;196,69;35,8;NULL;1986,565552;2961,56;NULL
2023-10-09;1056,02;128,25;71,61;3667,97;3667,92;197,62;197,58;35;NULL;1986,349487;2983,14;NULL
2023-10-10;1059,34;128,39;71,41;3704,18;3704,08;197,98;197,95;35;NULL;1986,473511;2984,06;NULL
2023-10-11;1060,84;127,56;70,62;3704,67;3704,62;197,99;197,96;35;NULL;1985,898071;2984,49;NULL
2023-10-12;1062,07;127,18;70,78;3706,26;3706,03;198;197,99;35;NULL;1985,815796;2985,38;NULL
2023-10-13;1063,2;127,32;72,13;3706,69;3706,51;198;197,99;35;NULL;1987,215454;2985,84;NULL
2023-10-14;1063,96;126,93;72,48;3709,36;3707,64;198;198;35;NULL;1990,319702;2987,09;NULL
2023-10-15;1065;127,33;74,52;3709,48;3707,77;198;198;34,98;NULL;1986,356201;2987,9;NULL
2023-10-16;1068,25;127,26;74,92;3712,63;3712,45;198,01;198;34,9;NULL;1980,490356;2992,33;NULL
2023-10-17;1068,61;126,36;73,69;3712,62;3712,46;198,04;198,01;34,9;NULL;1978,975952;2992,35;NULL
2023-10-18;1068,95;124,71;71,11;3713,53;3712,65;198,04;198,01;34,9;NULL;1979,604004;2992,72;NULL
2023-10-19;1069,8;124,24;71,35;3715,6;3714,47;198,04;198,01;34,9;NULL;1984,117065;2994,53;NULL
2023-10-20;1070,29;123,73;71,78;3714,7;3714,66;198,05;198,04;34,9;NULL;1985,164062;2994,08;NULL
2023-10-21;1071,3;125,31;76,31;3715,17;3714,38;198,05;198,04;34,9;NULL;1981,025024;2993,61;NULL
2023-10-22;1071,52;124,59;75,08;3715,07;3714,82;198,05;198,04;34,92;NULL;1983,64209;2994,58;NULL
2023-10-23;1070,81;124,71;75,74;3713,11;3712,68;198,04;198,01;35,1;NULL;1986,474854;2992,45;NULL
2023-10-24;1070,19;122,49;70,27;3713,62;3712,8;198,05;198,03;35,1;NULL;1988,368652;2992,64;NULL
2023-10-25;1049,31;120,6;70,78;3681,34;3681,22;197,84;197,72;36,86;NULL;1986,236206;2954,9;NULL
2023-10-26;1034,29;117,88;69,71;3664,34;3662,42;197,57;197,57;37,74;NULL;1982,328125;2934,91;NULL
2023-10-27;1025,45;116,96;71,03;3653,88;3653,84;197,54;197,51;38,18;NULL;1980,936401;2924,19;NULL
2023-10-28;1012,25;115,19;70,48;3640,03;3639,68;197,35;197,35;38,88;NULL;1984,943481;2907,65;NULL
2023-10-29;1010,67;116;72,42;3638,16;3637,98;197,35;197,34;38,88;NULL;1984,462402;2906,55;NULL
2023-10-30;1007,07;114,48;70,67;3637,22;3636,98;197,29;197,28;38,48;NULL;1981,849976;2907,73;NULL
2023-10-31;1033,57;118,74;71,83;3667,51;3666,69;197,65;197,55;37;NULL;1982,480347;2941,73;NULL
2023-11-01;1048,55;119,48;69,37;3690,12;3688,8;197,84;197,8;35,91;NULL;1983,369751;2966,43;NULL
2023-11-02;1052,35;120,36;70,52;3693,43;3693,33;197,9;197,85;35,89;NULL;1986,757812;2968,51;NULL
2023-11-03;1052,66;120,2;70,45;3690,87;3690,76;197,87;197,85;35,89;NULL;1986,387939;2968,31;NULL
2023-11-04;1051,62;119,05;68,93;3690,39;3689,63;197,85;197,84;35,89;NULL;1962,934326;2967,25;NULL
2023-11-05;1051,96;119,37;70,85;3690,7;3690,3;197,85;197,84;35,88;NULL;1963,692261;2967,34;NULL
2023-11-06;1054,66;119,32;71,07;3695,6;3694,15;197,96;197,85;35,89;NULL;1963,352783;2971,36;NULL
2023-11-07;1050,54;119,75;73,02;3687,93;3686,14;197,9;197,78;36,41;NULL;1975,426147;2962,24;NULL
2023-11-08;1043;119,37;73,7;3677,09;3675,28;197,7;197,69;37;NULL;1984,429321;2951,16;NULL
2023-11-09;1042,27;117,5;69,79;3677,65;3677,38;197,76;197,69;37;NULL;1985,252441;2951,55;NULL
2023-11-10;1040,99;116,28;68,25;3674,88;3674,84;197,7;197,69;37;NULL;1984,546387;2950,31;NULL
2023-11-11;1039,37;115,88;68,56;3674,59;3674,53;197,7;197,68;37;NULL;1962,960205;2948,02;NULL
2023-11-12;1045,92;115,84;68,7;3687,23;3685,58;197,83;197,81;36,08;NULL;1953,441406;2962,93;NULL
2023-11-13;1062,14;117,89;69,63;3709,29;3709,17;198;198;35;NULL;1982,621948;2986,62;NULL
2023-11-14;1063,12;117,83;69,37;3707,92;3707,34;198,01;198;35;NULL;1980,366089;2986,3;NULL
2023-11-15;1063,99;117,3;69,13;3709,82;3709,41;198,03;198;35;NULL;1983,481689;2988,38;NULL
2023-11-16;1064,58;116,8;68,97;3710,06;3709,99;198,04;198,01;35;NULL;1985,955688;2988,78;NULL
2023-11-17;1064,72;117,16;70,04;3710,09;3710,02;198,04;198,01;35;NULL;1985,821533;2987,85;NULL
2023-11-18;1081,95;119,04;72,28;3741,88;3740,9;198,41;198,3;32,33;NULL;1960,91748;3024,81;NULL
2023-11-19;1089,09;121,48;74,92;3749,48;3749,32;198,46;198,45;31,86;NULL;1964,852295;3032,6;NULL
2023-11-20;1092,47;121,36;73,37;3754,54;3753,32;198,5;198,49;31,43;NULL;1962,973755;3037,82;NULL
2023-11-21;1082,74;120,94;71,99;3731,24;3730,89;198,34;198,23;33,92;NULL;1979,897583;3011,44;NULL
2023-11-22;1080,04;120,82;72,15;3728,49;3728,14;198,31;198,2;34,2;NULL;1982,225586;3008,47;NULL
2023-11-23;1078,71;119,63;69,94;3727,93;3727,86;198,31;198,19;34,2;NULL;1962,634277;3007,73;NULL
2023-11-24;1088,76;118,48;68,29;3751,97;3751,71;198,43;198,43;31,35;NULL;1959,772827;3035,63;NULL
2023-11-25;1096,17;119,35;69,42;3762,94;3762,87;198,54;198,51;30,42;NULL;1976,434082;3047,69;NULL
2023-11-26;1097,55;119,15;69,46;3764,2;3764,02;198,55;198,52;30,39;NULL;1959,669556;3047,93;NULL
2023-11-27;1101,48;118,71;69,37;3774,72;3774,63;198,66;198,64;29,49;NULL;1956,336792;3059,73;NULL
2023-11-28;1103,51;118,79;69,58;3776,79;3776,64;198,68;198,66;29,32;NULL;1960,038208;3062,68;NULL
2023-11-29;1104,36;118,69;69,76;3777,94;3777,91;198,69;198,67;29,32;NULL;1971,09021;3063,35;NULL
2023-11-30;1104,79;118,99;70,11;3778,31;3777,98;198,69;198,68;29,32;NULL;1959,254272;3063,09;NULL
2023-12-01;1105,31;119,2;70,23;3779,67;3778,68;198,7;198,68;29,32;NULL;1960,087646;3063,69;NULL
2023-12-02;1105,72;118,3;69,36;3781,75;3780,91;198,8;198,69;29,33;NULL;1983,316528;3064,59;NULL
2023-12-03;1106,27;118,42;70,09;3782,02;3781,61;198,81;198,73;29,3;NULL;1965,046509;3065,55;NULL
2023-12-04;1107,25;117,74;69,52;3784,44;3784,12;198,82;198,8;29,13;NULL;1960,091675;3069,54;NULL
2023-12-05;1107,7;117,4;69,31;3784,91;3784,44;198,82;198,81;29,13;NULL;1975,992798;3070,88;NULL
2023-12-06;1109,35;116,71;69,32;3791,62;3791,37;198,84;198,84;28,51;NULL;1983,946655;3077,93;NULL
2023-12-07;1110,16;116,69;69,49;3792,24;3792,15;198,85;198,84;28,44;NULL;1967,086914;3077,82;NULL
2023-12-08;1110,28;116,13;68,78;3792,15;3792,04;198,85;198,84;28,44;NULL;1961,290283;3077,93;NULL
2023-12-09;1110,43;115,98;69,09;3793,24;3793,11;198,85;198,84;28,36;NULL;1960,762085;3078,69;NULL
2023-12-10;1112,25;115,16;68,76;3806,03;3805,91;198,99;198,98;27,33;NULL;1955,69873;3091,71;NULL
2023-12-11;1112,99;115,17;68,51;3807,47;3806,78;199;198,99;27,33;NULL;1955,271362;3092,63;NULL
2023-12-12;1113,62;116,07;69,41;3807,87;3807,5;199;198,99;27,33;NULL;1961,604614;3093,07;NULL
2023-12-13;1114,03;116,49;69,38;3807,99;3807,87;199;199;27,33;NULL;1963,843872;3093,4;NULL
2023-12-14;1113,93;116,79;69,57;3807,99;3807,93;199;199;27,33;NULL;1976,064087;3093,73;NULL
2023-12-15;1114,4;117,3;70,19;3808,14;3808,04;199;199;27,33;NULL;1965,248291;3093,83;NULL
2023-12-16;1114,48;117,44;70,15;3808,01;3807,98;199;199;27,33;NULL;1961,493774;3093,55;NULL
2023-12-17;1114,53;117,5;70,34;3808,02;3807,93;199;199;27,33;NULL;1958,145996;3093,43;NULL
2023-12-18;1114,68;116,66;69,54;3810,09;3808,66;199,01;199;27,33;NULL;1955,127808;3096,14;NULL
2023-12-19;1115,31;117,24;70,86;3810,08;3809,77;199,01;199;27,33;NULL;1955,473999;3096,12;NULL
2023-12-20;1115,6;117,46;71,21;3810,86;3810,46;199,01;199;27,33;NULL;1968,22644;3096,66;NULL
2023-12-21;1115,5;116,69;69,77;3810,64;3810,59;199,01;199;27,33;NULL;1982,122559;3096,97;NULL
2023-12-22;1115,18;115,85;68,31;3810,6;3810,43;199,01;199;27,33;NULL;1963,011475;3096,65;NULL
2023-12-23;1115,43;116,2;69,58;3810,6;3810,48;199,01;199;27,33;NULL;1977,677002;3096,81;NULL
2023-12-24;1115,47;116,22;69,91;3812,51;3810,53;199,01;199;27,34;NULL;1978,525024;3097,13;NULL
2023-12-25;1101,78;113,45;68,99;3826,29;3826,01;199,01;199;25,11;NULL;1954,874146;3112,06;NULL
2023-12-26;1059,42;108,42;73,5;3833,89;3833,02;198,98;198,97;24,93;NULL;1952,565308;3119,08;NULL
2023-12-27;1117,79;114,69;86,33;3816,62;3816,29;199,05;199,04;26,94;NULL;1955,508911;3103,76;NULL
2023-12-28;1117,66;113,02;85,54;3816,43;3816,15;199,05;199,04;26,94;NULL;1955,278687;3103,6;NULL
2023-12-29;1117,36;111,48;84,23;3816,12;3815,97;199,05;199,04;27;NULL;1963,758423;3102,99;NULL
2023-12-30;1116,16;110,87;83,68;3803,74;3803,43;199;199;27,93;NULL;1969,442505;3089,53;NULL
2023-12-31;1114,55;109,8;82,59;3802,65;3802,51;199;199;27,93;NULL;1978,546875;3088,36;NULL
2024-01-01;1113,89;108,63;80,93;3802,57;3802,27;199;199;27,93;NULL;1966,059204;3088,25;NULL
2024-01-02;1113,13;107,94;80,63;3802,48;3802,08;199;199;27,93;NULL;1965,929199;3088,17;NULL
2024-01-03;1113;108,99;81,63;3802,37;3801,78;199;199;27,93;NULL;1966,846436;3088,13;NULL
2024-01-04;1112,7;108,59;81,05;3802,31;3802,1;199;199;27,93;NULL;1979,520264;3088,14;NULL
2024-01-05;1112,3;107,58;79,73;3802,12;3800,69;199;198,99;27,93;NULL;1966,006592;3087,95;NULL
2024-01-06;1111,6;106,38;78,74;3802,12;3800,92;199;199;27,93;NULL;1978,848389;3088,05;NULL
2024-01-07;1111;105,78;78,34;3802;3800,65;199;198,99;27,93;NULL;1977,477661;3087,84;NULL
2024-01-08;1034,77;103,55;76,33;3664,27;3663,89;197,86;197,85;37,89;NULL;2003,869385;2928,13;NULL
2024-01-09;993,09;99,97;72,54;3618,76;3618,42;197,35;197,24;40,37;NULL;2012,775879;2879,35;NULL
2024-01-10;983,56;100;72,16;3611,4;3611,23;197,2;197,19;40,37;NULL;1992,959961;2873,14;NULL
2024-01-11;1068,79;102,21;73,56;3774,22;3773,92;198,59;198,57;28,73;NULL;1978,8396;3059,05;NULL
2024-01-12;1097,34;104,68;76,83;3803,72;3802,28;198,96;198,95;27,04;NULL;1976,881958;3090,2;NULL
2024-01-13;1102,11;106,08;78,32;3805,57;3805,4;199;198,99;27,04;NULL;1964,073975;3092,33;NULL
2024-01-14;1104,93;106,67;78,93;3807,36;3806,02;199;198,99;27,04;NULL;1962,647949;3093,22;NULL
2024-01-15;1106;105,01;77,09;3808,63;3808,52;199,01;199;27,04;NULL;1960,588745;3096,26;NULL
2024-01-16;1107,28;104,81;77,09;3808,69;3808,61;199,01;199;27,04;NULL;1956,209961;3096,42;NULL
2024-01-17;1107,83;104,59;76,94;3810,08;3808,77;199,02;199;27,04;NULL;1958,000366;3096,81;NULL
2024-01-18;1107,83;104,59;76,94;3810,08;3808,77;199,02;199;27,04;NULL;1958,000366;3096,81;NULL
2024-01-19;1108,76;105,83;78,03;3810,6;3810,47;199,04;199,01;27,04;NULL;1962,789062;3097,71;NULL
2024-01-20;1109,04;106,03;78,29;3810,48;3810,11;199,04;199,01;27,04;NULL;1958,047729;3097,29;NULL
2024-01-21;1109,29;106,36;78,49;3810,77;3810,43;199,04;199,01;27,04;NULL;1957,735596;3097,27;NULL
2024-01-22;1109,31;105,94;78,03;3813,72;3813,47;199,05;199,04;26,74;NULL;1960,991821;3099,32;NULL
2024-01-23;1075,77;102,55;74,47;3837,21;3837,01;199,03;199,01;23,12;NULL;1949,763672;3123,87;NULL
2024-01-24;199,84;54,3;31,74;4004,69;4004,49;197,28;197,24;10,57;0;1925,780273;3014,97;0
2024-01-25;939,77;133,41;64,53;3837,72;3835,23;198,72;198,71;24,59;0;1950,582153;3170;0
2024-01-26;1139,64;144,85;113,06;3810,93;3810,82;199,01;199;26,94;NULL;1957,182983;3096,78;NULL
2024-01-27;1145,15;147,25;115;3814,77;3814,55;199,04;199,03;26,87;NULL;1949,126953;3100,11;NULL
2024-01-28;1146,75;147,5;113;3813,88;3813,52;199,05;199,04;26,94;NULL;1953,404297;3099,51;NULL
2024-01-29;1146,74;146;109,08;3813,98;3813,77;199,05;199,04;26,84;NULL;1956,108521;3100,68;NULL
2024-01-30;1146,07;140,86;111,27;3814,09;3813;199,05;199,04;26,84;NULL;1958,202515;3100,08;NULL
2024-01-31;1145;138,29;109,52;3813,92;3813,58;199,05;199,04;26,84;NULL;1955,397705;3099,99;NULL
2024-02-01;1143;135,71;106,85;3801,47;3801,25;199,02;199,01;27,76;NULL;1956,250732;3087,76;NULL
2024-02-02;1141,32;134,03;105,18;3800,38;3800,11;199;199;27,83;NULL;1960,930054;3086,43;NULL
2024-02-03;1139,71;132,19;103,22;3795,87;3795,8;199;199;28,35;NULL;1967,503662;3080,07;NULL
2024-02-04;1136,95;131,44;102,67;3787;3786,66;198,96;198,93;28,94;NULL;1963,373047;3072,63;NULL
2024-02-05;1135,01;129,23;100,42;3785,17;3784,66;198,95;198,85;28,94;NULL;1963,40979;3071,17;NULL
2024-02-06;1134,43;129,04;100,25;3784,66;3784,63;198,95;198,85;28,94;NULL;1976,014648;3071,07;NULL
2024-02-07;1133;125,92;96,93;3784,61;3784,2;198,95;198,85;28,94;NULL;1957,503784;3069,81;NULL
2024-02-08;1131,26;122,16;93,36;3784,38;3784,12;198,95;198,85;28,94;NULL;1961,432861;3069,91;NULL
2024-02-09;1130,8;122,73;94,02;3784,63;3784,5;198,95;198,85;28,94;NULL;1977,965576;3071,01;NULL
2024-02-10;1129,26;120,21;91,21;3784,65;3784,46;198,95;198,85;28,93;NULL;1963,788086;3070,01;NULL
2024-02-11;1128,55;120,61;92;3784,49;3784,17;198,95;198,85;28,93;NULL;1966,063232;3069,8;NULL
2024-02-12;1128,24;120,91;92,68;3784,04;3784;198,95;198,85;28,94;NULL;1963,134521;3069;NULL
2024-02-13;1127,26;120,25;91,44;3784,05;3784;198,95;198,85;28,94;NULL;1978,686279;3069,36;NULL
2024-02-14;1126,46;119,79;91;3784,06;3784;198,95;198,85;28,94;NULL;1968,686157;3068,91;NULL
2024-02-15;1125,78;119,29;90,52;3783,99;3783,89;198,95;198,85;28,94;NULL;1963,25769;3068,51;NULL
2024-02-16;1125,32;119,56;90,77;3783,98;3783,72;198,95;198,85;28,94;NULL;1962,775879;3068,3;NULL
2024-02-17;1124,67;119,65;90,93;3783,87;3783,56;198,95;198,85;28,94;NULL;1961,328247;3067,98;NULL
2024-02-18;1124,38;119,34;90,67;3783,62;3783,47;198,95;198,85;28,94;NULL;1961,09021;3067,49;NULL
2024-02-19;1124,28;119,39;90,75;3783,68;3783,47;198,95;198,85;28,94;NULL;1961,597778;3067,52;NULL
2024-02-20;1124,14;120,45;92,18;3783,63;3783,47;198,95;198,85;28,93;NULL;1962,428223;3067,44;NULL
2024-02-21;1124,12;121,36;93,01;3783,47;3782,05;198,85;198,85;28,94;NULL;1958,602173;3066,99;NULL
2024-02-22;1124,11;123,08;94,61;3782,06;3782,03;198,85;198,84;28,94;NULL;1956,391113;3066,7;NULL
2024-02-23;1124,28;123,57;94,53;3782,5;3782,03;198,87;198,85;28,94;NULL;1960,619141;3066,76;NULL
2024-02-24;1123,52;121,24;92,41;3783,46;3782,03;198,95;198,85;28,94;NULL;1974,880615;3067,35;NULL
2024-02-25;1123,19;120,75;92,3;3783,62;3782,38;198,95;198,85;28,94;NULL;1980,483276;3067,34;NULL
2024-02-26;1122,67;120,72;92,25;3780,85;3780,71;198,89;198,85;28,98;NULL;1963,007202;3066,74;NULL
2024-02-27;1121,52;120,77;92,41;3777,38;3776,66;198,85;198,84;29,23;NULL;1970,339111;3063,51;NULL
2024-02-28;1120,99;120,22;91,72;3778,11;3777,97;198,85;198,84;29,23;NULL;1983,248047;3063,81;NULL
2024-02-29;1120,57;120,24;91,94;3776,73;3776,67;198,85;198,82;29,23;NULL;1978,476196;3063,44;NULL
2024-03-01;1120,33;119,84;91,48;3778,11;3776,69;198,85;198,84;29,23;NULL;1984,030273;3063,74;NULL
2024-03-02;1119,96;119,56;91,32;3778,13;3776,76;198,85;198,84;29,23;NULL;1985,574829;3063,87;NULL
2024-03-03;1119,51;119,45;91,11;3778,13;3776,7;198,85;198,84;29,23;NULL;1984,969971;3063,74;NULL
2024-03-04;1118,69;118,52;90,33;3776,7;3776,66;198,85;198,84;29,23;NULL;1963,797607;3062,96;NULL
2024-03-05;1118,49;119,33;91,24;3776,62;3776,41;198,85;198,82;29,23;NULL;1973,912109;3062,81;NULL
2024-03-06;1118,39;119,27;91,1;3776,66;3776,62;198,85;198,84;29,23;NULL;1965,094482;3062,57;NULL
2024-03-07;1118,34;119,7;91,5;3776,44;3776,12;198,85;198,82;29,23;NULL;1972,273438;3062,35;NULL
2024-03-08;1118,29;119,39;91,15;3776,61;3776,38;198,85;198,83;29,23;NULL;1980,627441;3062,87;NULL
2024-03-09;1118;118,46;90,33;3776,62;3776,44;198,85;198,84;29,23;NULL;1983,959717;3063,14;NULL
2024-03-10;1117,49;118,16;90,13;3776,64;3776,32;198,85;198,83;29,23;NULL;1981,658325;3062,67;NULL
2024-03-11;1116,76;118,24;90,21;3775,97;3775,74;198,84;198,82;29,43;NULL;1984,154053;3060,57;NULL
2024-03-12;1116,3;117,88;90,03;3775,95;3775,62;198,84;198,82;29,43;NULL;1984,509277;3060,28;NULL
2024-03-13;1115,62;117,52;89,54;3775,19;3774,18;198,84;198,82;29,43;NULL;1975,608887;3059,34;NULL
2024-03-14;1114,68;116,6;88,56;3774,06;3774,02;198,84;198,82;29,43;NULL;1964,334595;3058,81;NULL
2024-03-15;1114,42;116,94;89,12;3774,02;3773,89;198,84;198,82;29,43;NULL;1963,151733;3058,47;NULL
2024-03-16;1114,23;116,93;89,07;3773,98;3773,69;198,84;198,82;29,43;NULL;1962,482178;3058,08;NULL
2024-03-17;1113,94;116,55;88,55;3773,98;3773,63;198,84;198,82;29,43;NULL;1962,395752;3057,94;NULL
2024-03-18;1044,97;113,74;85,68;3654,44;3654,02;197,78;197,78;37,95;NULL;1981,401611;2921,86;NULL
2024-03-19;1012,05;109,27;81;3622,06;3621,01;197,48;197,44;39,69;NULL;1985,423828;2887;NULL
2024-03-20;1004,71;108,79;80,81;3617,2;3616,96;197,35;197,35;39,69;NULL;1985,365479;2882,55;NULL
2024-03-21;1000,18;109,02;81,11;3615,04;3614,32;197,34;197,32;39,69;NULL;1984,429321;2880,37;NULL
2024-03-22;997,95;108,67;80,63;3612,55;3612,4;197,33;197,21;39,64;NULL;1965,265747;2879,87;NULL
2024-03-23;984,46;107,84;79,59;3598,07;3597,9;197,1;197,09;40,28;NULL;1963,646851;2862,73;NULL
2024-03-24;1035,65;108,5;80,28;3697,46;3697,1;197,92;197,89;33,17;NULL;1964,942505;2975,83;NULL
2024-03-25;1093,76;114,96;86,23;3768,26;3767,94;198,65;198,65;28,44;NULL;1957,917725;3056,55;NULL
2024-03-26;1100,32;117,15;88,47;3773,35;3772,94;198,8;198,68;28,44;NULL;1961,424927;3060,25;NULL
2024-03-27;1103,99;118,7;89,84;3774,01;3773,9;198,81;198,8;28,44;NULL;1959,971558;3061,5;NULL
2024-03-28;1105,92;118,37;89,63;3775,82;3775,46;198,82;198,81;28,44;NULL;1961,062378;3062,78;NULL
2024-03-29;1107;117,81;89,14;3775,96;3775,85;198,84;198,81;28,43;NULL;1957,429688;3063,45;NULL
2024-03-30;1107,44;116,57;87,89;3776,14;3776,03;198,84;198,82;28,43;NULL;1958,604004;3063,86;NULL
2024-03-31;1101,3;117,6;89,05;3753,18;3753,05;198,66;198,56;30,9;NULL;1959,036621;3037,88;NULL
2024-04-01;1100,15;117,95;89,37;3752,57;3752,4;198,65;198,55;30,92;NULL;1956,542358;3036,83;NULL
2024-04-02;1010,34;112,72;84,73;3613,17;3612,86;197,42;197,4;40,06;NULL;1983,708008;2876,2;NULL
2024-04-03;993,47;110,06;82,19;3605,79;3603,88;197,21;197,2;40,08;NULL;1985,253296;2870,16;NULL
2024-04-04;987,66;108,93;80,88;3601,46;3601,08;197,19;197,16;40,08;NULL;1985,558838;2866,82;NULL
2024-04-05;984,04;109,14;81,4;3600,34;3600,17;197,16;197,07;40,08;NULL;1985,480835;2865,15;NULL
2024-04-06;981,16;108,34;80,25;3598,17;3598,07;197,07;197,05;40,08;NULL;1985,07666;2863,92;NULL
2024-04-07;978,88;107,41;79,35;3596,6;3595,8;197,05;197,05;40,08;NULL;1984,68335;2862,35;NULL
2024-04-08;978,02;107,17;79,13;3596,01;3595,35;197,05;197,04;40,08;NULL;1986,145386;2862,61;NULL
2024-04-09;977,12;106,96;78,91;3596,07;3595,99;197,05;197,04;40,09;NULL;1987,198853;2862,25;NULL
2024-04-10;978,05;107,91;79,96;3597,95;3596,73;197,05;197,04;40,18;NULL;1987,15271;2864,36;NULL
2024-04-11;977,18;108,1;80,02;3596,61;3595,63;197,05;197,04;40,18;NULL;1986,434937;2863,95;NULL
2024-04-12;1063,58;112,28;83,65;3733,93;3733,77;198,34;198,26;31,07;NULL;1977,174438;3021,4;NULL
2024-04-13;1079,01;115,33;86,5;3741,13;3740,38;198,47;198,45;31,02;NULL;1977,555542;3026;NULL
2024-04-14;1083,47;116,77;88,07;3742,04;3741,77;198,5;198,49;31,01;NULL;1978,29126;3028,33;NULL
2024-04-15;1086,09;117,01;88,37;3744,04;3744;198,5;198,5;30,92;NULL;1978,342041;3029,96;NULL
2024-04-16;1088,51;119,52;90,91;3744,63;3744,53;198,51;198,5;30,93;NULL;1958,69751;3030,29;NULL
2024-04-17;1089,5;119,45;90,77;3744,03;3743,99;198,51;198,5;30,93;NULL;1955,164307;3030;NULL
2024-04-18;1090,61;119,17;90,53;3745,25;3744,88;198,51;198,5;30,93;NULL;1956,505737;3031,36;NULL
2024-04-19;1091,51;119,72;91,14;3746,21;3746,11;198,54;198,51;30,93;NULL;1972,657104;3032,14;NULL
2024-04-20;1092,81;112,31;84,08;3822,82;3822,61;199,17;199,12;24,56;NULL;1957,316406;3112,48;NULL
2024-04-21;1098,1;109,11;81,23;3839,95;3839,83;199,34;199,31;23,37;NULL;1958,897827;3132,49;NULL
2024-04-22;1101,1;109,16;81,37;3840,64;3840,52;199,35;199,34;23,37;NULL;1961,158936;3133,49;NULL
2024-04-23;294,57;59,18;33,49;3989,63;3989,29;197,53;197,51;0,06;NULL;1938,602051;3260,96;NULL
2024-04-24;40,16;53,37;27,4;3996,54;3994,72;196,56;196,53;0;NULL;1929,284912;3254,23;NULL
2024-04-25;29,07;53,13;26,69;3997,83;3997,54;196,14;196,1;0;NULL;1945,706055;3251,12;NULL
2024-04-26;25,66;53,41;26,64;3999,38;3999,26;196;195,95;0;NULL;1952,586548;3249,54;NULL
2024-04-27;24,37;53,78;26,76;3999,84;3999,5;195,72;195,71;0;NULL;1944,126465;3248,59;NULL
2024-04-28;23,98;54,18;26,83;3999,98;3999,87;195,63;195,58;0;NULL;1941,636719;3248,1;NULL
2024-04-29;23,89;54,48;26,89;4000,03;3999,99;195,52;195,52;0;NULL;1929,531128;3247,75;NULL
2024-04-30;950,12;162,02;49,09;3858,58;3858,16;199,27;199,24;23,04;NULL;1950,107788;3143,21;NULL
2024-05-01;1095,33;166,4;92,18;3856,04;3856;199,45;199,4;23,07;NULL;1953,841064;3144,64;NULL
2024-05-02;1117,15;173,39;104,19;3855,74;3855,51;199,46;199,45;23,07;NULL;1954,72937;3144,53;NULL
2024-05-03;1142,42;189,35;117,89;3765,88;3764,07;198,85;198,73;30,52;NULL;1977,633911;3049,64;NULL
2024-05-04;1142,81;191,1;120,87;3762,64;3762,32;198,7;198,68;30,52;NULL;1982,960938;3047,94;NULL
2024-05-05;1143,36;190,14;119,95;3760,67;3760,65;198,69;198,68;30,52;NULL;1983,332275;3046,59;NULL
2024-05-06;1112,59;188,11;117,02;3691,93;3691,61;198,1;198,07;36,26;NULL;1985,671509;2966,95;NULL
2024-05-07;1103,26;183,77;112,61;3685,93;3684,94;198,02;198,01;36,39;NULL;1978,593506;2960,94;NULL
2024-05-08;1100,57;181,09;109,37;3682,83;3682,65;198;198;36,39;NULL;1981,849731;2960,04;NULL
2024-05-09;1026,93;172,42;102,92;3588,39;3587,99;197,08;197,08;41,07;NULL;1986,145386;2849,07;NULL
2024-05-10;1013,12;167;97,73;3581,88;3580,47;197,01;197;41,08;NULL;1986,808716;2843,51;NULL
2024-05-11;1007,6;163,68;93,84;3577,72;3577,13;197;196,97;41,08;NULL;1986,611328;2840,7;NULL
2024-05-12;1003,98;160,98;90,75;3576,5;3576,34;196,97;196,96;41,08;NULL;1990,386475;2838,93;NULL
2024-05-13;1000,72;158,37;86,7;3574,1;3573,95;196,96;196,85;41,08;NULL;1986,543579;2837,02;NULL
2024-05-14;998,61;155,63;83,52;3572,01;3571,25;196,92;196,85;41,08;NULL;1990,389282;2836,11;NULL
2024-05-15;996,05;153,58;82,73;3570,63;3569,4;196,85;196,84;41,08;NULL;1985,898193;2833,97;NULL
2024-05-16;994,53;151,63;81,8;3569,08;3568,97;196,85;196,84;41,08;NULL;1987,383301;2833,23;NULL
2024-05-17;992,94;149,62;79,35;3568,76;3568,62;196,85;196,84;41,08;NULL;1987,769287;2833,03;NULL
2024-05-18;991,19;148,06;77,63;3568,56;3568,31;196,84;196,82;41,08;NULL;1988,264282;2832,6;NULL
2024-05-19;988,96;146,25;75,83;3566,93;3566,59;196,84;196,81;41,08;NULL;1985,423584;2830,53;NULL
2024-05-20;987,36;144,68;74,32;3566,15;3565,96;196,82;196,81;41,08;NULL;1985,155762;2829,76;NULL
2024-05-21;986,56;143,2;72,46;3565,91;3565,83;196,82;196,81;41,08;NULL;1984,213379;2829,83;NULL
2024-05-22;985,95;142,29;72,74;3566,14;3564,17;196,82;196,81;41,08;NULL;1987,43335;2830,01;NULL
2024-05-23;984,83;141,24;72,98;3564,07;3563,25;196,81;196,78;41,08;NULL;1985,668945;2829,32;NULL
2024-05-24;983,3;140,26;73,02;3562,94;3562,43;196,81;196,7;41,08;NULL;1983,490234;2827,59;NULL
2024-05-25;981,89;138,65;70,26;3561,75;3561,21;196,81;196,7;41,08;NULL;1981,286865;2826,74;NULL
2024-05-26;981,6;137,92;70,8;3562,04;3561,61;196,73;196,7;41,08;NULL;1973,676147;2826,56;NULL
2024-05-27;979,9;136,41;69,66;3561,26;3560,57;196,79;196,73;41,07;NULL;1970,793335;2826,53;NULL
2024-05-28;982,06;135,58;69,77;3564,32;3563,48;196,81;196,81;41,08;NULL;1988,997803;2829,64;NULL
2024-05-29;981,73;134,71;70,08;3565,78;3564,39;196,81;196,81;41,08;NULL;1990,377319;2830,12;NULL
2024-05-30;980,63;133,77;70,44;3563,13;3562,92;196,81;196,8;41,08;NULL;1988,540649;2829,44;NULL
2024-05-31;979,98;133,08;71,01;3563,03;3562,75;196,81;196,76;41,08;NULL;1986,800415;2829,1;NULL
2024-06-01;979,21;131,73;69,43;3563;3562,81;196,81;196,76;41,08;NULL;1988,609497;2829,24;NULL
2024-06-02;978,68;130,83;69;3562,9;3562,77;196,81;196,73;41,08;NULL;1988,428833;2829,13;NULL
2024-06-03;978,08;130,57;69,78;3562,83;3562,75;196,81;196,7;41,08;NULL;1987,328003;2828,63;NULL
2024-06-04;978,62;131,32;72,15;3562,77;3562,72;196,81;196,76;41,08;NULL;1987,820068;2829,12;NULL
2024-06-05;978,98;131,6;73,28;3563,03;3562,75;196,81;196,76;41,07;NULL;1989,763428;2829,24;NULL
2024-06-06;978,9;130,38;68,63;3563,1;3562,83;196,81;196,8;41,07;NULL;1991,362305;2829,53;NULL
2024-06-07;976,9;128,35;65,75;3562,63;3562,4;196,81;196,75;41,07;NULL;1985,9198;2828,56;NULL
2024-06-08;976,96;127,55;66,8;3562,75;3562,72;196,81;196,75;41,07;NULL;1988,494019;2828,85;NULL
2024-06-09;976,36;126,68;66,75;3562,48;3562,32;196,81;196,74;41,07;NULL;1985,827515;2828,31;NULL
2024-06-10;977,61;126,13;67,05;3573,15;3572,44;196,84;196,73;39,85;NULL;1982,152466;2826,07;NULL
2024-06-11;1071,77;128,59;64,84;3737,07;3736,79;198,26;198,24;29,62;NULL;1954,450439;3022,36;NULL
2024-06-12;1037,46;132,08;68,58;3628,6;3628,26;197,52;197,4;37,87;NULL;1961,519653;2903;NULL
2024-06-13;1018,72;129,84;68,01;3608,15;3608,01;197,28;197,2;39,18;NULL;1966,119019;2880,5;NULL
2024-06-14;1018,21;129,32;68,13;3608,46;3608,28;197,3;197,19;39,18;NULL;1982,711792;2880,88;NULL
2024-06-15;1017,78;128,93;68,08;3607,98;3607,94;197,3;197,19;39,18;NULL;1979,952393;2880,7;NULL
2024-06-16;1073,81;130,29;67,33;3713,2;3712,62;198,17;198,12;31,46;NULL;1969,639282;2998,73;NULL
2024-06-17;1102,81;133,91;69,86;3743,86;3743,76;198,5;198,49;29,43;NULL;1963,067261;3032,57;NULL
2024-06-18;1107,19;134,13;68,74;3744,39;3744,04;198,51;198,5;29,43;NULL;1955,417725;3034,48;NULL
2024-06-19;1109,96;133,94;69,15;3747,15;3746,44;198,54;198,51;29,43;NULL;1962,449951;3036,84;NULL
2024-06-20;0;0;0;0;0;0;0;0;0;0;3036,8;0
2024-06-21;0;0;0;0;0;0;0;0;0;0;3037,1;0
2024-06-22;0;0;0;0;0;0;0;0;0;0;3036,9;0
2024-06-23;1114,84;132,23;69,09;3751,46;3751,3;198,65;198,55;29,43;NULL;1958,040161;3039,77;NULL
2024-06-24;1115,61;131,69;68,86;3751,86;3751,65;198,65;198,55;29,43;NULL;1957,881714;3039,99;NULL
2024-06-25;1113,61;130,89;67,39;3744,92;3744,86;198,65;198,55;29,99;NULL;1960,965942;3031,92;NULL
2024-06-26;987,4;121,33;65,52;3562,32;3562,1;196,98;196,93;42,07;NULL;2004,97583;2819,55;NULL
2024-06-27;968,39;117,64;61,6;3539,67;3536,95;195,96;195,81;42,07;NULL;1994,63269;2813,14;NULL
2024-06-28;962,53;116,59;62,78;3551,11;3550,72;196,7;196,69;42,07;NULL;1997,021729;2810,13;NULL
2024-06-29;941,7;112,14;60,62;3615,62;3614,68;196,91;196,88;35,5;NULL;1977,087769;2881,65;NULL
2024-06-30;894,83;116,71;55,25;3618,65;3618,32;196,9;196,88;36,1;NULL;1958,698486;2883,71;NULL
2024-07-01;975,23;132,69;64,68;3560,31;3560,15;196,81;196,7;41,38;NULL;1983,998047;2823,19;NULL
2024-07-02;973,2;132,14;65,48;3558,42;3558,14;196,76;196,7;41,38;NULL;1983,778931;2821,63;NULL
2024-07-03;1082,49;139,2;69,24;3725,64;3725,51;198,25;198,24;30,46;NULL;1961,062378;3014,2;NULL
2024-07-04;1100,03;142,6;70,61;3729,94;3729,18;198,45;198,4;30,42;NULL;1963,25647;3018,89;NULL
2024-07-05;1104,58;142,96;72,53;3733,35;3733,3;198,49;198,45;30,42;NULL;1963,981079;3021,07;NULL
2024-07-06;1107,35;143,72;76,07;3733,96;3733,87;198,5;198,49;30,42;NULL;1961,720093;3021,53;NULL
2024-07-07;1108,11;141,47;68,55;3735,35;3733,97;198,5;198,49;30,4;NULL;1957,922974;3022,4;NULL
2024-07-08;1109,45;140,83;70,9;3737,51;3736,27;198,51;198,5;30,37;NULL;1955,379517;3025,53;NULL
2024-07-09;1013,02;133,79;69,86;3590,9;3590,76;197,2;197,15;40,18;NULL;1979,852417;2855,75;NULL
2024-07-10;1004,35;131,08;67,93;3588,79;3588,57;197,09;197,07;40,28;NULL;1977,241943;2855,96;NULL
2024-07-11;998,57;129,77;66,59;3585,13;3584,81;197,05;197,04;40,37;NULL;1984,477051;2852,93;NULL
2024-07-12;1078,52;133,55;66,62;3718,48;3717,55;198,27;198,2;31,22;NULL;1963,17688;3006,28;NULL
2024-07-13;1104,6;136,4;68,42;3753,77;3753,12;198,63;198,53;28,51;NULL;1957,320801;3044,17;NULL
2024-07-14;1109,91;136,46;67,3;3758,16;3758,12;198,68;198,65;28,38;NULL;1959,896851;3049,26;NULL
2024-07-15;1113,05;136,87;69,28;3762,27;3761,98;198,8;198,68;28,34;NULL;1958,084839;3053,37;NULL
2024-07-16;1114,47;136,38;67,57;3763,52;3762,69;198,8;198,68;28,34;NULL;1958,603149;3054,36;NULL
2024-07-17;1115,75;135,5;67,98;3765,8;3764,08;198,82;198,8;28,34;NULL;1959,185425;3055,48;NULL
2024-07-18;986,12;119,06;59,28;3823,09;3822,89;198,56;198,54;21,12;NULL;1958,300537;3018,6;NULL
2024-07-19;153,36;55,59;30,97;3975,01;3974,78;196,74;196,72;5,65;NULL;1930,945068;3067,16;NULL
2024-07-20;55,56;53,36;27,82;3979,49;3977,83;196,16;196,12;4;NULL;1925,735352;3057,49;NULL
2024-07-21;1011,39;121,43;76,17;3783,02;3782,89;198,76;198,74;27,44;NULL;1954,450317;3069,45;NULL
2024-07-22;1121,32;143,62;117,84;3776,7;3776,66;198,91;198,84;27,74;NULL;1955,656494;3066,96;NULL
2024-07-23;1132,06;149,19;121,69;3776,62;3776,39;198,95;198,85;27,74;NULL;1958,603149;3066,73;NULL
2024-07-24;1126,22;150,03;119,82;3754,6;3754,37;198,7;198,69;29,69;NULL;1962,719238;3040,87;NULL
2024-07-25;1136,22;148,72;116,11;3774,01;3773,93;198,95;198,84;27,93;NULL;1956,161987;3063,73;NULL
2024-07-26;1104,6;146,75;115,41;3687,98;3687,46;198,15;198,11;35,59;NULL;1957,945068;2966,92;NULL
2024-07-27;1094,89;142,72;113,14;3680,91;3680,68;198,04;198,02;35,95;NULL;1964,088257;2960,29;NULL
2024-07-28;1091,57;138,65;109,96;3680,12;3679,95;198,03;198,01;35,99;NULL;1967,783325;2959;NULL
2024-07-29;1089,4;135,69;106,87;3679,24;3678,44;198,01;198;36,02;NULL;1969,97998;2957,7;NULL
2024-07-30;1016,76;128,45;99,78;3582,37;3581,82;197,14;197,09;40,87;NULL;1987,119507;2845,96;NULL
2024-07-31;1002,69;122,92;93,97;3577,22;3577,08;197,03;197,01;40,88;NULL;1985,815796;2840,96;NULL
2024-08-01;997,73;120,75;90,11;3575,19;3574,84;197;197;40,88;NULL;1985,69751;2838,32;NULL
2024-08-02;994,08;119,51;88,27;3571,12;3571;197;196,99;40,88;NULL;1984,173828;2836,16;NULL
2024-08-03;990,72;117,68;87,93;3569;3568,84;196,99;196,96;40,88;NULL;1981,480225;2833,78;NULL
2024-08-04;988,6;115,31;85,05;3568,81;3568,74;196,98;196,96;40,88;NULL;1983,987305;2833,5;NULL
2024-08-05;986,03;114,53;85,1;3568,04;3567,93;196,96;196,95;40,98;NULL;1980,414185;2832,35;NULL
2024-08-06;1062,34;117,46;87,65;3674,71;3674,5;197,9;197,9;35,08;NULL;1959,77356;2956,76;NULL
2024-08-07;1075,78;121,08;92,55;3679,96;3679,92;198;197,99;35;NULL;1978,7771;2963,23;NULL
2024-08-08;1078,54;121,8;93,14;3680,59;3680,39;198,01;198;35;NULL;1971,574829;2964,67;NULL
2024-08-09;1102,6;121,87;93,45;3734,91;3734,83;198,48;198,47;30,03;NULL;1968,86731;3023,48;NULL
2024-08-10;1108,25;122,88;94,42;3736,44;3736,13;198,51;198,5;30,01;NULL;1964,006226;3024,95;NULL
2024-08-11;1110,01;123,51;95,04;3736,14;3736,03;198,51;198,5;30,01;NULL;1963,737061;3024,73;NULL
2024-08-12;1111,74;124,67;96,13;3736,64;3736,27;198,54;198,51;30,01;NULL;1962,398193;3026,14;NULL
2024-08-13;1112,97;123,72;95,31;3740,96;3740,91;198,55;198,54;30,01;NULL;1955,778687;3029,26;NULL
2024-08-14;1115,61;127,77;100,2;3743,34;3743,04;198,65;198,55;30,02;NULL;1959,21582;3031,69;NULL
2024-08-15;1118,44;129,05;100,43;3749,65;3749,33;198,68;198,65;29,24;NULL;1959,88147;3039,15;NULL
2024-08-16;0;0;0;0;0;0;0;29,24;0;0;0;0
2024-08-17;1117,9;124,22;96,37;3749,73;3749,64;198,68;198,66;29,23;NULL;1955,380371;3038,74;NULL
2024-08-18;1119,34;127,46;99,55;3750,02;3749,97;198,69;198,66;29,22;NULL;1955,245483;3039,84;NULL
2024-08-19;1120,01;125,89;97,6;3752,03;3751,97;198,7;198,68;29,22;NULL;1954,217407;3041,33;NULL
2024-08-20;1119,78;124,12;96,47;3752,44;3752,13;198,8;198,68;29,22;NULL;1955,451294;3042,36;NULL
2024-08-21;1120,23;124,91;97,56;3752,62;3752,39;198,7;198,69;29,23;NULL;1956,445801;3041,71;NULL
2024-08-22;1120,59;125,43;97,48;3752,38;3752,33;198,8;198,69;29,23;NULL;1958,120605;3042,72;NULL
2024-08-23;1123,06;125,45;97,6;3765,4;3763,46;198,85;198,84;28,04;NULL;1957,720825;3055,42;NULL
2024-08-24;1124,17;126,08;98,11;3765,85;3765,62;198,85;198,84;28,04;NULL;1957,110718;3055,85;NULL
2024-08-25;0;0;0;0;0;0;0;0;0;0;0;0
2024-08-26;1125,03;129,14;101,52;3766,07;3765,99;198,95;198,85;28,05;NULL;1960,920166;3056,24;NULL
2024-08-27;1125,51;130,6;102,56;3765,97;3765,62;198,95;198,85;28,33;NULL;1955,556152;3055,9;NULL
2024-08-28;1124,71;128,55;99,72;3765,86;3765,48;198,95;198,85;28,33;NULL;1953,48645;3055,77;NULL
2024-08-29;1124,32;126,07;97,07;3766,02;3765,97;198,95;198,85;28,33;NULL;1958,22876;3056,17;NULL
2024-08-30;1124,24;126,17;98,22;3766,17;3766,02;198,95;198,85;28,33;NULL;1958,842163;3056,26;NULL
2024-08-31;1124,26;127,69;99,49;3767,11;3766,01;198,95;198,85;28,33;NULL;1957,994019;3056,25;NULL
2024-09-01;1124,4;129,13;99,85;3766,02;3765,96;198,95;198,85;28,33;NULL;1955,199341;3056,16;NULL
2024-09-02;1124,34;130,62;103,25;3766,04;3766,02;198,95;198,85;28,33;NULL;1956,338623;3056,16;NULL
2024-09-03;1123,31;129;101;3765,76;3765,71;198,95;198,85;28,33;NULL;1953,014771;3055,75;NULL
2024-09-04;1079,6;126,91;98,68;3679,38;3679,21;198,18;198,15;35,28;NULL;1973,516357;2955,39;NULL
2024-09-05;1029,99;122,66;95,83;3616,56;3615,79;197,55;197,54;39,48;NULL;1979,982056;2885,14;NULL
2024-09-06;1055,08;124,07;97,31;3650,6;3650,47;197,88;197,76;37,36;NULL;1981,646851;2927,78;NULL
2024-09-07;1049,2;124,86;97,75;3642,58;3642,36;197,77;197,7;37,88;NULL;1985,31665;2917,9;NULL
2024-09-08;1083,57;127,12;97,06;3714,79;3713,99;198,3;198,26;31,68;NULL;1968,585449;3001,77;NULL
2024-09-09;1107,44;125,41;96,46;3749,47;3747,75;198,67;198,65;29,13;NULL;1957,121704;3038,54;NULL
2024-09-10;1057,85;125,83;98,39;3646,16;3646;197,9;197,83;37,85;NULL;1970,74353;2921,54;NULL
2024-09-11;1018,57;122,45;95,09;3603,58;3603,45;197,46;197,37;39,98;NULL;1983,432495;2872,22;NULL
2024-09-12;1011,5;120,81;91,32;3600,81;3600,69;197,35;197,34;39,98;NULL;1985,252441;2869,67;NULL
2024-09-13;1008,04;119,66;90;3600,12;3599,66;197,34;197,32;39,98;NULL;1986,311157;2868,11;NULL
2024-09-14;1005,73;119,41;91,67;3598,03;3597,94;197,32;197,31;39,98;NULL;1984,435791;2866,68;NULL
2024-09-15;1004,5;118,07;88,92;3596,87;3596,78;197,32;197,27;39,94;NULL;1988,73999;2867;NULL
2024-09-16;1006,25;117,94;86,61;3600,25;3600,08;197,34;197,31;39,69;NULL;1983,160156;2870,48;NULL
2024-09-17;1004,84;116,5;88,05;3600,08;3599,98;197,32;197,31;39,68;NULL;1982,136719;2869,66;NULL
2024-09-18;1004,49;117,63;89,45;3599,85;3598,67;197,32;197,31;39,68;NULL;1982,160156;2869,48;NULL
2024-09-19;1003,64;116,83;89,02;3598,9;3598,21;197,31;197,28;39,69;NULL;1983,891724;2869,31;NULL
2024-09-20;1002,96;116,94;89,03;3598,18;3597,95;197,31;197,2;39,69;NULL;1983,770386;2868,85;NULL
2024-09-21;0;0;0;0;0;0;0;38,09;0;0;2910;0
2024-09-22;1026,36;120,97;92,86;3624,61;3624,46;197,51;197,5;38,08;NULL;1985,365845;2901,24;NULL
2024-09-23;1026,39;120,39;92,12;3624,68;3624,5;197,52;197,51;38,08;NULL;1985,724487;2901,3;NULL
2024-09-24;1026,18;118,92;88,41;3624,86;3624,78;197,53;197,51;38,06;NULL;1985,862671;2901,51;NULL
2024-09-25;1066,48;119,95;92,12;3692,5;3691,38;198,13;198,09;34;NULL;1978,883545;2976,35;NULL
2024-09-26;0;0;0;3693,93;3693,81;198,18;198,16;34;0;0;2979,18;0
2024-09-27;1076,09;125,26;98,13;3695,45;3695,32;198,19;198,18;34;NULL;1979,385498;2980,29;NULL
2024-09-28;1076,7;123,69;94,96;3695,92;3695,82;198,25;198,18;34;NULL;1982,422852;2980,92;NULL
2024-09-29;1077,56;123,18;95,08;3696,02;3695,98;198,3;198,21;34;NULL;1983,442871;2981,22;NULL
2024-09-30;1079,92;125,51;100,78;3698,43;3698,24;198,32;198,3;34;NULL;1962,882446;2984,3;NULL
2024-10-01;1098,59;122,88;93,56;3762,37;3762,22;198,77;198,77;27,39;NULL;1960,781372;3053,19;NULL
2024-10-02;1105,21;123,28;96,67;3767,79;3767,34;198,94;198,84;27,13;NULL;1963,656982;3059,39;NULL
2024-10-03;1022,49;122,78;95,72;3605,23;3604,91;197,55;197,54;39,98;NULL;1997,783203;2873,35;NULL
2024-10-04;1004,87;119,28;90,11;3595,82;3595,65;197,35;197,35;40,07;NULL;1991,556274;2865,1;NULL
2024-10-05;999,14;118,99;93,43;3592,67;3592,55;197,32;197,2;40,07;NULL;1985,689453;2861,51;NULL
2024-10-06;995,35;120,75;94,46;3587,58;3587,44;197,2;197,2;40,24;NULL;1991,94104;2856,69;NULL
2024-10-07;982,76;115,72;88,8;3605,98;3605,77;197,17;197,16;38,54;NULL;1982,632446;2876,15;NULL
2024-10-08;994,29;118,08;89,5;3590,15;3590,04;197,19;197,19;39,98;NULL;1985,423706;2860,22;NULL
2024-10-09;993,12;118,96;92,9;3588,49;3587,96;197,19;197,17;39,98;NULL;1985,760254;2858,37;NULL
2024-10-10;992,24;118,28;85,9;3589,1;3587,82;197,19;197,16;39,96;NULL;1984,751465;2858,61;NULL
2024-10-11;718,73;88,07;58,28;3768,15;3767,78;197,06;197,02;20,35;NULL;1934,891113;3044,22;NULL
2024-10-12;1009,98;121,52;87,52;3591,84;3591,53;197,19;197,16;39,88;NULL;1980,230957;2860,4;NULL
2024-10-13;1016,92;124,44;88,61;3590,28;3589,87;197,18;197,16;39,89;NULL;1985,19104;2860,22;NULL
2024-10-14;1011,46;124,23;89,06;3584,08;3583,89;197,15;197,05;39,96;NULL;1992,500488;2852,44;NULL
2024-10-15;1008,84;123,41;88,59;3582,06;3581,76;197,05;197,05;39,94;NULL;1985,876709;2850,24;NULL
2024-10-16;1027,61;123,23;89,45;3611,17;3611,03;197,34;197,33;38,25;NULL;1981,527832;2884,75;NULL
2024-10-17;1014,94;121,99;90,52;3590,04;3589,92;197,19;197,16;39,68;NULL;1975,191528;2861,1;NULL
2024-10-18;1014,92;121,88;92,47;3591,44;3591,31;197,19;197,17;39,68;NULL;1982,746704;2862,55;NULL
2024-10-19;1015,48;121,6;93,93;3592,31;3592,15;197,2;197,19;39,68;NULL;1989,360718;2864,28;NULL
2024-10-20;1014,38;121,81;95,01;3591,5;3591,12;197,2;197,19;39,7;NULL;1988,608643;2863,08;NULL
2024-10-21;1010,59;122,1;94,73;3587,66;3586,84;197,18;197,16;39,88;NULL;1990,056152;2857,85;NULL
2024-10-22;1009,73;122,81;95,51;3586,79;3585,81;197,17;197,16;39,88;NULL;1990,576294;2857,21;NULL
2024-10-23;1008,75;122,07;95,78;3586,71;3586,01;197,16;197,16;39,88;NULL;1990,981689;2857,19;NULL
2024-10-24;1006,8;121,5;94,48;3584,78;3584,67;197,16;197,15;39,88;NULL;1986,004272;2856,53;NULL
2024-10-25;1005,38;120,65;93,97;3584,87;3584,81;197,16;197,15;39,86;NULL;1985,811157;2856,61;NULL
2024-10-26;1085,14;123,58;96,93;3724,76;3724,44;198,4;198,37;29,52;NULL;1954,988647;3016,09;NULL
2024-10-27;1099,24;125,6;99,29;3728,71;3728,18;198,5;198,49;29,52;NULL;1957,598755;3020,91;NULL
2024-10-28;1103,19;126,61;100,55;3731,68;3730,58;198,51;198,5;29,52;NULL;1962,444458;3023,05;NULL
2024-10-29;1105,32;127,21;101,49;3733,46;3733,34;198,54;198,51;29,52;NULL;1955,416992;3023,64;NULL
2024-10-30;1106,81;127,13;101,12;3733,46;3733,94;198,55;198,54;29,52;NULL;1956,144165;3024,1;NULL
2024-10-31;1106,81;128,26;103,2;3734;3733,94;198,55;198,54;29,52;NULL;1962,825806;3024,69;NULL
2024-11-01;1107,85;128,26;103,2;3734,83;3734,45;198,55;198,54;29,52;NULL;1962,825806;3024,69;NULL
2024-11-02;1109,65;129,84;103,89;3735,9;3735,86;198,65;198,55;29,52;NULL;1973,063721;3026,38;NULL
2024-11-03;0;0;0;0;0;0;0;29,52;0;0;3027,5;0
2024-11-04;1111,5;131,25;105,19;3737,79;3737,2;198,66;198,55;29,5;NULL;1962,756348;3028,49;NULL
2024-11-05;1112,34;129,66;102,15;3739,73;3739,52;198,68;198,66;29,42;NULL;1962,838745;3031,99;NULL
2024-11-06;1112,05;128,78;104,72;3741,53;3741,43;198,68;198,66;29,42;NULL;1957,345093;3031,86;NULL
2024-11-07;1112,13;128,13;102,4;3743,06;3741,67;198,69;198,66;29,42;NULL;1961,689697;3032,28;NULL
2024-11-08;1111,77;128,21;102,09;3742,44;3742,26;198,68;198,66;29,42;NULL;1960,665161;3031,99;NULL
2024-11-09;1113,04;131,52;107,69;3743,78;3743,48;198,69;198,68;29,43;NULL;1970,376465;3032,89;NULL
2024-11-10;1113,03;130,68;103,05;3743,99;3743,95;198,72;198,68;29,42;NULL;1980,368774;3034,15;NULL
2024-11-11;1112,67;130,55;111,77;3744,55;0;198,75;0;29,43;0;1983,15;3112,92;0
2024-11-12;1068,07;129,27;103,56;3659,87;3659,31;198,03;197,99;36,14;NULL;1981,186157;2935,18;NULL
2024-11-13;1028;124,2;98,02;3608,98;3608,92;197,52;197,51;39,48;NULL;1983,890869;2880,14;NULL
2024-11-14;1022,47;122,71;96,05;3607,31;3606,71;197,5;197,49;39,48;NULL;1984,385376;2877,55;NULL
2024-11-15;1018,7;119,67;94,74;3603,39;3603,15;197,49;197,46;39,48;NULL;1984,567383;2875,81;NULL
2024-11-16;1017,03;123,05;100,65;3602,62;3601,63;197,46;197,42;39,49;NULL;1984,37085;2873,77;NULL
2024-11-17;543,27;80,31;54,81;3859,82;3859,29;197,01;196,99;9,9;NULL;1935,634399;2866,11;NULL
2024-11-18;76,88;53,19;30,81;3956,71;3956,65;196,07;196,07;0,54;NULL;1918,518921;2868,55;NULL
2024-11-19;47,96;54,66;30,61;3959,37;3959,35;195,75;195,75;0;NULL;1918,518921;2868,55;NULL
2024-11-20;40,3;56,28;31,05;3960,35;3960,03;195,62;195,59;0;NULL;1918,518921;2868,55;NULL
2024-11-21;36,9;57,69;31,65;3961,91;3961,87;195,52;195,51;0;NULL;1918,518921;2868,55;NULL
2024-11-22;35,01;58,46;32,07;3965,11;3962,35;195,49;195,46;0;NULL;1918,518921;2868,55;NULL
2024-11-23;754,73;114,05;70,97;3712,57;3712,37;197,1;197,09;29,95;0;1947,079956;3032,89;0
2024-11-24;1043,56;150,98;134,89;3638,09;3637,36;197,67;197,57;37,63;NULL;1958,262695;2913,69;NULL
2024-11-25;1057,71;161,36;140,87;3634,73;3634,56;197,66;197,57;37,81;NULL;1978,817383;2910,95;NULL
2024-11-26;1062,98;164,47;140,12;3632,27;3632,12;197,65;197,55;37,99;NULL;1985,251953;2908,46;NULL
2024-11-27;1092,24;165,08;138,1;3689,14;3688,86;198,13;198,11;33,13;NULL;1977,642334;2973,41;NULL
2024-11-28;1122,07;166,12;137,72;3728,16;3728,11;198,5;198,5;30,01;NULL;1963,664673;3017,39;NULL
2024-11-29;1125,84;163,72;131,71;3727,5;3727,17;198,51;198,5;30,01;NULL;1948,773804;3016,62;NULL
2024-11-30;1127,89;159,89;128,04;3728,13;3728,01;198,54;198,51;30,01;NULL;1958,602539;3019,03;NULL
2024-12-01;950,08;133,75;103,2;3777,11;3776,76;198,21;198,17;22,7;NULL;1911,544556;3041,84;NULL
2024-12-02;1046,63;146,67;117,81;3603,3;3602,91;197,5;197,46;39,83;NULL;1991,817749;2872,84;NULL
2024-12-03;1046,63;146,67;117,81;3603,3;3602,91;197,5;197,46;29,74;0;1991,817749;3019,59;0
2024-12-04;1127,76;148,62;114,27;3737,13;3736,57;198,65;198,57;29,02;NULL;1955,278931;3029,18;NULL
2024-12-05;1129,96;146,91;110,2;3741,16;3740,81;198,66;198,65;29,02;NULL;1955,248169;3030,42;NULL
2024-12-06;1133,12;144,15;110,09;3751,12;3751,06;198,8;198,8;28,11;NULL;1963,071289;3043,91;NULL
2024-12-07;1134,95;143,45;115,96;3752,63;3752,3;198,84;198,81;28,02;NULL;1957,409668;3045,26;NULL
2024-12-08;1135,77;143,05;115,99;3754,76;3753,57;198,84;198,82;27,98;NULL;1961,023315;3047,17;NULL
2024-12-09;1136,48;140,59;112,79;3760,44;3760,15;198,95;198,85;27,63;NULL;1957,175903;3053,53;NULL
2024-12-10;1137,18;139,31;112,67;3760,59;3760,44;198,96;198,85;27,63;NULL;1955,245605;3054,12;NULL
2024-12-12;1066,07;123,8;97,73;3789,43;3789,03;198,88;198,86;24,23;NULL;1937,384277;3079,75;NULL
2024-12-13;1136,91;135,24;108,49;3764,72;3764,68;198,99;198,96;27,51;NULL;1945,35376;3057,24;NULL
2024-12-14;1136,2;136,95;111,6;3752,12;3751,86;198,85;198,84;28,71;NULL;1954,216919;3042,45;NULL
2024-12-15;1135,17;139,12;113,54;3750,08;3747,72;198,83;198,8;28,87;NULL;1955,869141;3039,68;NULL
2024-12-16;1087,31;139,16;113,38;3647,95;3647,72;198,05;198;37,53;NULL;1981,849854;2924,26;NULL
2024-12-17;1070,96;136,05;108,74;3636,25;3636,13;197,85;197,73;38,01;NULL;1978,29834;2911,11;NULL
2024-12-18;1063,42;134,27;108;3630,62;3630,22;197,69;197,68;38,15;NULL;1983,848022;2905,91;NULL
2024-12-19;1060,73;134,08;108,13;3628,93;3628,64;197,7;197,68;38,07;NULL;1980,572021;2904,96;NULL
2024-12-20;1059,11;133,87;108,13;3629,18;3628,04;197,7;197,66;37,98;NULL;1977,906006;2905,23;NULL
2024-12-21;1063;135,19;109,61;3634,88;3634,7;197,81;197,69;37,38;NULL;1975,03894;2912,79;NULL
2024-12-22;1108;135,03;109,25;3735,95;3735,71;198,56;198,55;28,67;NULL;1955,380737;3029,17;NULL
2024-12-23;1121,66;135,91;109,16;3749,37;3749,3;198,8;198,75;28,03;NULL;1955,284668;3040,52;NULL
2024-12-24;1124,78;135,69;109,82;3750,66;3749,96;198,82;198,81;28,02;NULL;1956,056274;3042,38;NULL
2024-12-25;1126,1;135,21;108,66;3751,83;3751,47;198,84;198,82;28,02;NULL;1957,126221;3043,31;NULL
2024-12-26;1127;134,61;109,1;3751,96;3751,84;198,84;198,82;28,02;NULL;1955,267822;3043,94;NULL
2024-12-27;1127,69;134,45;108,89;3752,12;3751,99;198,85;198,84;28,02;NULL;1958,603271;3044,73;NULL
2024-12-28;1128;134,32;109,09;3752,13;3752;198,85;198,84;28,02;NULL;1955,688477;3044,92;NULL
2024-12-29;1128,25;134,19;108,96;3752,17;3752,05;198,85;198,84;28,02;NULL;1955,289429;3045,17;NULL
2024-12-30;1128,5;134,24;108,83;3754,64;3754,59;198,95;198,85;28,02;NULL;1951,543945;3048,15;NULL
2024-12-31;1128;133;108;3752;3752;198;198;28;0;1951;3047;0
2025-01-01;1126;131;107;3751;3750;197;197;28;0;1950;3045;0
2025-01-03;1061,17;131,44;106,88;3624,38;3624,1;197,78;197,77;38,56;NULL;1963,669067;2895,59;NULL
2025-01-04;1043,77;129,21;103,31;3611,48;3611,14;197,55;197,55;38,98;NULL;1977,429443;2883,84;NULL
2025-01-05;1039,07;126,56;101,46;3610,51;3609,61;197,54;197,51;38,98;NULL;1983,812866;2882,44;NULL
2025-01-06;1036,06;126,28;101,61;3608,67;3608,46;197,51;197,5;38,98;NULL;1984,400879;2880,88;NULL
2025-01-07;1034,22;126,72;101,32;3608,09;3607,93;197,5;197,5;38,98;NULL;1985,365723;2880,34;NULL
2025-01-08;1032,27;126,89;101,15;3606,11;3605,96;197,5;197,49;38,99;NULL;1983,197754;2878,32;NULL
2025-01-09;0;0;0;0;0;0;0;0;NULL;0;0;NULL
2025-01-10;0;0;0;0;0;0;0;0;NULL;0;0;NULL
2025-01-11;1098,92;125,91;98,73;3728,61;3728;198,49;198,48;29,02;NULL;1952,313843;3022,32;NULL
2025-01-12;1107,46;127,03;101,98;3731,89;3731,11;198,65;198,54;29,02;NULL;1953,321289;3023,66;NULL
2025-01-13;1110,65;128,11;103,63;3734,52;3734,44;198,66;198,65;29,02;NULL;1963,389526;3025,3;NULL
2025-01-14;1112,37;128,73;103,85;3735,4;3735,09;198,68;198,66;29,02;NULL;1960,630249;3026,58;NULL
2025-01-15;1112,7;127,41;100,48;3735,5;3734,81;198,68;198,66;29,02;NULL;1956,256592;3026,19;NULL
2025-01-16;1113,85;129,56;106,3;3735,85;3735,82;198,68;198,66;29,02;NULL;1960,717896;3027,02;NULL
2025-01-17;1025,25;118,18;87,58;3782,54;3781,99;198,6;198,56;22,33;NULL;1946,126831;3058,99;NULL
2025-01-18;174,36;52,4;32,33;3948,3;3947,82;196,81;196,79;3,73;NULL;1924,42749;3122,14;NULL
2025-01-19;825,39;98,14;61,47;3791,03;3790,79;198,16;198,14;26,73;NULL;1947,869385;2832,66;NULL
2025-01-20;1129,57;133,09;105,7;3743,15;3742,17;198,8;198,68;28,94;NULL;1956,426514;3032,84;NULL
2025-01-21;1137,07;138,11;110,59;3741,97;3741,66;198,81;198,69;28,93;NULL;1955,402954;3032,33;NULL
2025-01-22;0;0;0;0;0;0;0;0;NULL;0;0;NULL
2025-01-23;0;0;0;0;0;0;0;0;NULL;0;0;NULL
2025-01-24;1093,09;135,66;100,87;3650,86;3650,67;197,99;197,98;36,4;NULL;1972,67627;2928,19;NULL
2025-01-25;1061,29;132,95;96,6;3611,41;3611,11;197,57;197,56;39,05;NULL;1975,582764;2884,19;NULL
2025-01-26;0;0;0;0;0;0;0;0;NULL;0;0;NULL
2025-01-27;0;0;0;0;0;0;0;0;NULL;0;0;NULL
2025-01-28;0;0;0;0;0;0;0;0;NULL;0;0;NULL
2025-01-29;1125,93;131,21;105,22;3720,65;3720,55;198,55;198,54;30,21;NULL;1956,549805;3012,87;NULL
2025-01-30;1126,45;131,44;106,41;3721,35;3720,77;0;198,54;30,21;NULL;1959,39978;3012,99;NULL
2025-01-31;0;0;0;0;0;0;0;0;NULL;0;0;NULL
2025-02-01;1128,07;126,25;98,18;3787,37;3786,03;199,1;199,01;24,89;NULL;1950,197754;3083,56;NULL
2025-02-02;1132;125,37;99,91;3789,87;3789,5;199,16;199,15;24,85;NULL;1951,52832;3085,73;NULL
2025-02-03;1133,74;126,01;99,9;3790,5;3789,99;199,18;199,16;24,85;NULL;1942,83606;3086,31;NULL
2025-02-04;326,89;64,21;39,2;3942,88;3942,04;197,47;197,43;0,39;NULL;1936,07605;3221,93;NULL
2025-02-05;680,53;86,82;50,93;3856,36;3855,85;198,39;198,26;15,82;NULL;1905,848999;3140,41;NULL
2025-02-06;1129,02;135,85;83,4;3800,82;3800,7;199,31;199,19;24,25;NULL;1944,938232;3096,87;NULL
2025-02-07;1140,95;140,76;89,41;3800,53;3800,26;199,32;199,3;24,25;NULL;1945,928345;3096,7;NULL
2025-02-08;316,87;71,01;42,28;3946,96;3946,05;197,49;197,45;0,13;NULL;1935,194092;3222,48;NULL
2025-02-09;62,64;50,71;29,69;3951,36;3951,32;196,53;196,51;0;NULL;1941,7771;3216,12;NULL
2025-02-10;43,74;49,76;28,3;3952;3951,96;196,12;196,07;0;NULL;1927,173218;3212,54;NULL
2025-02-11;0;0;0;0;0;0;0;0;NULL;0;0;NULL
2025-02-12;34,03;48,82;29,19;3953,85;3952,51;195,71;195,71;0;NULL;1925,6875;3209,29;NULL
2025-02-13;0;0;0;3953,92;3953,88;195,62;0;0;NULL;0;0;NULL
2025-02-14;30,52;49,19;29,53;3954,03;3953,92;195,52;195,51;0;NULL;1925,334229;3208,18;NULL
2025-02-15;954,4;124,5;57,08;3810,37;3810,03;199,13;199,1;24,21;NULL;1953,841431;3100,73;NULL
2025-02-16;1098,01;145,79;95,32;3808,53;3808,16;199,19;199,16;24,36;NULL;1955,38147;3099,77;NULL
2025-02-17;1123,52;153,72;109,55;3799,09;3798,56;199,19;199,16;25,05;NULL;1960,489624;3090,94;NULL
2025-02-18;1134,33;157,39;115,72;3791,52;3790,38;199,18;199,16;25,35;NULL;1958,130981;3085,38;NULL
2025-02-19;1139,44;162,34;121,34;3727,39;3726,96;198,71;198,71;31,42;NULL;1966,190186;3014,64;NULL
2025-02-20;1136,92;162,59;121,07;3720,52;3720,21;198,66;198,55;31,81;NULL;1964,236816;3008,54;NULL
2025-02-22;1136,3;160,22;112,7;3718,03;3717,99;198,55;198,54;31,81;NULL;1962,738647;3006,8;NULL
2025-02-23;1136,3;159,03;109,75;3718,03;3717,99;198,55;198,54;31,81;NULL;1962,392822;3005,9;NULL
2025-02-24;0;0;0;0;0;0;0;0;NULL;1958,940186;0;NULL
2025-02-25;1092,18;155,2;99,95;3635,23;3634,8;197,96;197,88;38,06;NULL;0;2910,9;NULL
2025-02-26;1083,12;152,9;97,04;3632;3631,31;197,85;197,82;38,08;NULL;1980,642944;2906,98;NULL
2025-02-27;1079,05;150,79;91,1;3628,02;3627,04;197,82;197,75;38,08;NULL;1979,229614;2904,86;NULL
2025-02-28;0;0;0;0;0;0;0;0;NULL;0;0;NULL
2025-03-01;985,16;140,77;80,81;3528,83;3528,71;196,71;196,7;42,76;NULL;1992,521484;2787,05;NULL
2025-03-02;979,28;138,14;77,76;3523,63;3523,53;196,7;196,67;42,76;NULL;1992,815918;2784,68;NULL
2025-03-03;974,22;136,49;79,91;3521,03;3520,97;196,66;196,64;42,76;NULL;1990,491699;2780,98;NULL
2025-03-04;968,89;134,94;80,48;3518;3517,82;196,55;196,55;42,76;NULL;1983,851074;2776,86;NULL
2025-03-05;967,67;133,78;80,62;3518,03;3517,13;196,55;196,54;42,76;NULL;1989,838623;2777,72;NULL
2025-03-06;963,25;132,33;80;3513,12;3512,95;196,54;196,52;42,76;NULL;1981,849854;2773,71;NULL
2025-03-07;962,34;131,14;78,21;3512,77;3512,62;0;0;0;NULL;1983,920166;2774,24;NULL
2025-03-08;963,02;130,12;76,05;3514,83;3514,31;196,54;196,51;42,76;NULL;1992,777466;2776,83;NULL
2025-03-09;961,66;129,18;77,12;3513,41;3512,94;196,54;196,51;42,76;NULL;1991,868774;2776,38;NULL
2025-03-10;958,64;127,94;76,22;3512,64;3512,37;196,51;196,51;42,76;NULL;1989,262207;2773,45;NULL
2025-03-11;956,52;126,92;75,96;3511,35;3510,1;196,5;196,5;42,76;NULL;1984,91272;2772,6;NULL
2025-03-12;956,5;126,12;80,38;3511,98;3511,49;196,51;196,5;42,76;NULL;1988,419312;2773,31;NULL
2025-03-13;956,21;125,38;82,1;3512,09;3511,88;196,51;196,5;42,76;NULL;1991,060669;2773,59;NULL
2025-03-14;964,86;122,28;78,31;3582,49;3581,03;196,9;196,89;36,98;NULL;1976,782471;2815,88;NULL
2025-03-15;1085,7;129,69;94,83;3692,13;3690,59;198,21;198,14;31,31;NULL;1966,467041;2983,77;NULL
2025-03-16;1096,69;131,42;100,23;3693,83;3693,49;198,31;198,3;31,31;NULL;1956,346924;2985,23;NULL
2025-03-17;1101,18;132,02;101,87;3695,74;3695,32;198,34;198,31;31,31;NULL;1955,198242;2987,22;NULL
2025-03-18;1103,9;132,58;102,54;3695,99;3695,94;198,35;198,34;31,31;NULL;1953,284912;2988,57;NULL
2025-03-19;1018,18;129,59;102,3;3563,38;3563,02;197,15;197,14;40,5;NULL;1982,257812;2832,69;NULL
2025-03-20;997,79;126,29;98,64;3550,73;3549,31;197;197;40,98;NULL;1984,627563;2817,89;NULL
2025-03-21;993,08;124,64;95,64;3546,95;3546,83;196,99;196,96;40,97;NULL;1980,511841;2816,4;NULL
2025-03-22;991,42;123,64;94,68;3546,88;3546,78;196,97;196,96;40,97;NULL;1985,080078;2816,6;NULL
2025-03-23;990,04;122,62;94,93;3547,55;3546,54;196,96;196,95;40,94;NULL;1984,897827;2816,76;NULL
2025-03-24;991,34;122,2;93,16;3550,07;3549,96;196,99;196,96;40,76;NULL;1982,024658;2819,68;NULL
2025-03-25;990,49;122,01;94,05;3549,91;3548,83;196,99;196,96;40,76;NULL;1982,504395;2818,86;NULL
2025-03-26;990,47;121,89;94,64;3550,06;3549,79;196,99;196,96;40,76;NULL;1983,544434;2820,54;NULL
2025-03-27;991,37;121,87;94,79;3552,51;3552,37;196,99;196,96;40,72;NULL;1990,388184;2822,35;NULL
2025-03-28;1074,98;125,14;99,42;3678,48;3678,31;198,1;198,02;33,03;NULL;1980,782227;2971,03;NULL
2025-03-29;1088,99;128,05;102;3685,18;3685,03;198,25;198,16;33,01;NULL;1980,107544;2975,49;NULL
2025-03-30;1093,07;128,83;102,91;3686,24;3686,04;198,31;198,25;32,98;NULL;1984,627563;2976,82;NULL
2025-03-31;1098,2;128,99;101,98;3695,95;3695,78;198,35;198,34;31,51;NULL;1963,587036;2987,72;NULL
2025-04-01;1100,28;128,85;101,64;3696,02;3695,98;198,45;198,35;31,62;NULL;1958,084839;2988,51;NULL
2025-04-02;1101,32;128,08;102,31;3696,34;3696,13;198,45;198,35;31,62;NULL;1958,603027;2988,96;NULL
2025-04-03;1110,03;127,14;100,62;3726,93;3726,87;198,64;198,6;28,47;NULL;1955,727783;3022,1;NULL
2025-04-04;1113,36;126,91;100,48;3728,34;3728,13;198,68;198,65;28,43;NULL;1959,217651;3023,95;NULL
2025-04-05;1114,71;126,36;100,99;3728,67;3728,62;198,68;198,66;28,43;NULL;1959,209351;3024,33;NULL
2025-04-06;1115,59;126,23;100,47;3730,17;3728,7;198,69;198,66;28,44;NULL;1958,751587;3024,69;NULL
2025-04-07;1116,55;126,55;101,66;3733,81;3733,45;198,8;198,68;28,54;NULL;1961,24939;3028,2;NULL
2025-04-08;1117,51;127,11;102,41;3734;3733,84;198,81;198,69;28,54;NULL;1959,077759;3028,55;NULL
2025-04-09;1118,09;127,13;102,24;3734,01;3733,99;198,81;198,69;28,54;NULL;1958,797974;3028,79;NULL
2025-04-10;1118,35;126,77;101,73;3734,13;3734;198,81;198,7;28,54;NULL;1956,115845;3028,91;NULL
2025-04-11;1118,68;127,48;103,16;3734,01;3734;198,82;198,77;28,54;NULL;1953,918213;3028,74;NULL
2025-04-12;1119,02;127,82;102,31;3734,39;3733,97;198,82;198,76;28,54;NULL;1954,85498;3028,22;NULL
2025-04-13;1119;126,83;101,5;3735,47;3734,56;198,82;198,81;28,55;NULL;1954,549194;3028,66;NULL
2025-04-14;1118,69;126,02;100,87;3731,25;3730,93;198,82;198,7;28,73;NULL;1961,651245;3026,63;NULL
2025-04-15;1118,37;125,76;100,98;3730,54;3730,22;198,81;198,69;28,73;NULL;1959,018433;3024,79;NULL
2025-04-16;1118,22;125,57;100,47;3729,84;3728,7;198,81;198,69;28,73;NULL;1951,811279;3024,35;NULL
2025-04-17;1118,13;125,78;101,35;3730,13;3729,73;198,81;198,71;28,73;NULL;1955,725342;3024,57;NULL
2025-04-18;1118,15;125,71;99,87;3732,02;3731,83;198,82;198,78;28,73;NULL;1961,18042;3025,24;NULL
2025-04-19;1038,85;123,05;98,96;3591,26;3591,02;197,6;197,59;39,88;NULL;1986,145508;2861,1;NULL
2025-04-20;1020,39;120,84;96,12;3579,36;3579,13;197,4;197,35;40,17;NULL;1985,781128;2850,7;NULL
2025-04-21;1015,6;119,59;95,4;3577,82;3577,05;197,35;197,34;40,18;NULL;1991,439697;2849,16;NULL
2025-04-22;1011,38;119,11;94,39;3575,64;3575,08;197,32;197,21;40,17;NULL;1987,100952;2846,23;NULL
2025-04-23;1008,71;118,8;94,78;3571,56;3571,25;197,31;197,2;40,18;NULL;1985,82959;2844,24;NULL
2025-04-24;1006,74;119,37;95,61;3570,77;3570,65;197,2;197,19;40,17;NULL;1984,289062;2842,83;NULL
2025-04-25;1004,88;118,65;94,11;3568,94;3568,83;197,2;197,19;40,17;NULL;1984,627563;2841,24;NULL
2025-04-26;1003,76;118,83;94,56;3568,6;3568,39;197,19;197,18;40,17;NULL;1984,319824;2840,82;NULL
2025-04-27;1002,68;119,24;94,65;3568,16;3568,04;197,19;197,16;40,18;NULL;1984,013062;2840,31;NULL
2025-04-28;1007,93;118,33;92,42;3575,84;3575,66;197,3;197,19;39,77;NULL;1980,930664;2848,8;NULL
2025-04-29;1007,68;118,43;93,66;3574,96;3574,06;197,31;197,2;39,77;NULL;1978,781738;2848,5;NULL
2025-04-30;1006,95;117,88;92,68;3574,1;3573,97;197,31;197,2;39,77;NULL;1978,643066;2848,29;NULL
2025-05-01;1006,77;118,13;92,46;3574,01;3573,91;197,31;197,19;39,77;NULL;1980,232178;2848,31;NULL
2025-05-02;1006,39;117,73;93,58;3574,07;3573,89;197,31;197,19;39,77;NULL;1980,697144;2848,3;NULL
2025-05-03;1006,04;117,2;91,21;3573,79;3573,61;197,3;197,19;39,77;NULL;1979,471802;2848,01;NULL
2025-05-04;1007,33;118,73;92,16;3574,79;3574,53;197,3;197,23;39,73;NULL;1984,801758;2849,91;NULL
2025-05-05;1013,84;117,18;92,04;3584,46;3583,69;197,35;197,34;39,24;NULL;1985,890259;2860,03;NULL
2025-05-06;1080,74;118,8;94,05;3708,08;3707,96;198,43;198,41;29,02;NULL;1960,67395;3003,06;NULL
2025-05-07;1093,49;120,88;95,98;3711,88;3711,62;198,5;198,5;29,02;NULL;1962,131226;3007,13;NULL
2025-05-08;1097,31;122,57;98,13;3712,27;3712,21;198,54;198,51;29,01;NULL;1957,528931;3007,98;NULL
2025-05-09;1102,79;121,04;95,29;3743,82;3743,73;198,84;198,8;26,54;NULL;1960,398315;3042,24;NULL
2025-05-10;1105,56;119,99;93,7;3746,06;3745,6;198,95;198,84;26,54;NULL;1963,185547;3044,54;NULL
2025-05-11;1107,5;119,96;95,94;3747,91;3747,77;198,95;198,85;26,55;NULL;1962,321533;3045,39;NULL
2025-05-12;1109;120,66;96,72;3751,35;3750,01;198,98;198,95;26,63;NULL;1960,783081;3047,84;NULL
2025-05-13;1110,41;121,19;97,51;3751,5;3751,43;198,99;198,96;26,63;NULL;1958,603271;3048,12;NULL
2025-05-14;1111,06;121,11;96,83;3751,85;3751,5;198,99;198,96;26,64;NULL;1956,88855;3048,26;NULL
2025-05-15;1111,87;121,69;96,87;3751,9;3751,65;199;198,96;26,64;NULL;1960,946533;3048,67;NULL
2025-05-16;1112,25;121,3;96,3;3752,03;3752;199;198,99;26,64;NULL;1958,197144;3048,83;NULL
2025-05-17;1112,66;121,7;96,98;3752,05;3752;199;198,99;26,64;NULL;1955,379883;3048,83;NULL
2025-05-18;1113,5;122,76;98,05;3752,18;3752,07;199;198,99;26,65;NULL;1955,381104;3049,18;NULL
2025-05-19;0;0;0;3752,08;3751,99;199;198,99;0;NULL;0;0;NULL
2025-05-20;1113,92;121,73;95,21;3752,13;3752,01;199;199;26,74;NULL;1955,788086;3048,84;NULL
2025-05-21;1114,18;122,42;96,69;3752,14;3752,03;199;199;26,74;NULL;1954,927734;3048,87;NULL
2025-05-22;1111,14;124,07;97,87;3723,31;3720,56;198,73;198,73;29,51;NULL;1957,93811;3015,14;NULL
2025-05-23;0;0;0;0;0;0;0;0;NULL;0;0;NULL
2025-05-24;1106,52;122,45;98,16;3714,35;3714,18;198,68;198,66;29,92;NULL;1955,267212;3008,11;NULL
2025-05-25;1109,98;120,71;96,21;3748,62;3748,55;198,97;198,94;26,79;NULL;1955,265015;3044,72;NULL
2025-05-26;1112,33;120,35;96,02;3749,97;3749,85;199;198,99;26,74;NULL;1958,603394;3047,18;NULL
2025-05-27;1112,65;119,33;95,12;3753,92;3753,71;199;198,99;26,56;NULL;1957,429199;3052,04;NULL
2025-05-28;1113,8;119,88;96,48;3744,04;3743,77;199;198,97;27,57;NULL;1953,884277;3040,39;NULL
2025-05-29;1113,35;120,08;94,57;3743,4;3742,01;198,99;198,95;27,73;NULL;1960,673706;3038,8;NULL
2025-05-30;1016,15;116,59;92,3;3568,5;3568,25;197,46;197,44;40,77;NULL;1988,830933;2835,09;NULL
2025-05-31;995,3;113,77;89,24;3560,21;3559,82;197,2;197,2;40,88;NULL;1992,803101;2825,78;NULL
2025-06-01;988,66;112,51;87,41;3555,9;3555,06;197,16;197,1;40,86;NULL;1993,289551;2823,54;NULL
2025-06-02;985,56;111,6;85,68;3554,2;3553,63;197,14;197,05;40,76;NULL;1993,157837;2823,06;NULL
2025-06-03;982,03;111,08;85,4;3552,56;3552,39;197,05;197,05;40,76;NULL;1992,026489;2821,08;NULL
2025-06-04;979,35;110,81;86,79;3550,85;3550,26;197,04;197,02;40,76;NULL;1990,377319;2819,18;NULL
2025-06-05;977,12;110,28;86,12;3549,7;3548,5;197,03;197,01;40,76;NULL;1989,786499;2817,2;NULL
2025-06-06;975,38;110,01;86,4;3547,11;3546,95;197,01;197;40,76;NULL;1990,022705;2816,89;NULL
2025-06-08;930,95;110,3;82,45;3698,36;3697,76;197,88;197,84;28,95;NULL;1936,894897;2763,54;NULL
2025-06-09;959,35;120,23;79,07;3499,09;3498,48;196,53;196,52;43,45;NULL;1983,885132;2756,01;NULL
2025-06-10;954,37;119,62;80,68;3493,51;3493,39;196,46;196,46;43,57;NULL;1986,769531;2751,68;NULL
2025-06-11;1089,23;124,82;83,37;3705,75;3705,44;198,35;198,31;28,7;NULL;1957,49353;3001,92;NULL
2025-06-12;1113,25;127,41;87,08;3714,5;3713,53;198,51;198,5;28,43;NULL;1955,265503;3011,1;NULL
2025-06-13;1118,08;126,94;90,37;3717,31;3716,67;198,54;198,54;28,43;NULL;1954,851685;3012,65;NULL
2025-06-14;1121,04;125,19;90,45;3723,2;3722,74;198,65;198,65;28,16;NULL;1958,061523;3018,56;NULL
2025-06-15;1123,7;124,47;94,57;3726;3725,88;198,73;198,66;28,02;NULL;1961,624268;3022,79;NULL
2025-06-16;1125,34;123,17;89,86;3728,16;3728,1;198,81;198,69;28,03;NULL;1954,393066;3024,82;NULL
2025-06-17;1126,31;122,08;93,92;3728,53;3728,16;198,82;198,8;28,03;NULL;1953,839233;3025,92;NULL
2025-06-18;1127,25;122,29;94,79;3728,76;3728,62;198,82;198,81;28,03;NULL;1954,588745;3026,74;NULL
2025-06-19;1127,5;122,04;95,67;3730,33;3730,11;198,84;198,81;28,03;NULL;1952,251709;3027,18;NULL
2025-06-20;1128,05;122,51;96,16;3730,22;3730,15;198,84;198,81;28,03;NULL;1950,29126;3027,27;NULL
2025-06-21;1128,24;122,08;94,62;3730,31;3730,13;198,84;198,82;28,03;NULL;1945,525391;3027,46;NULL
2025-06-22;1128,26;121,99;96,6;3730,83;3730,46;198,84;198,82;28,03;NULL;1944,80481;3028,27;NULL
2025-06-23;1128,99;123,24;96,86;3733,84;3733,46;198,85;198,84;27,93;NULL;1953,384644;3029,88;NULL
2025-06-24;1129;123,59;91,78;3733,97;3733,86;198,85;198,84;27,93;NULL;1954,991211;3030,77;NULL
2025-06-25;1128,67;122,62;94,3;3734,06;3734;198,85;198,84;27,93;NULL;1955,265625;3031,17;NULL
2025-06-26;1128,51;122,44;97,75;3734,28;3734;198,85;198,84;27,93;NULL;1952,328491;3030,79;NULL
2025-06-27;1128,52;122,73;97,55;3735,33;3733,96;198,95;198,84;27,93;NULL;1953,441406;3031,33;NULL
2025-06-28;1128,64;122,92;98,23;3735,99;3735,86;198,95;198,85;27,93;NULL;1965,38269;3032,17;NULL
2025-06-29;1128,59;122,82;98,17;3736,07;3736,04;198,95;198,85;27,94;NULL;1963,432373;3032,32;NULL
2025-06-30;1128,37;123,02;91,71;3734,14;3734,01;198,95;198,85;28,03;NULL;1957,142456;3030,66;NULL
2025-07-01;1127,88;122,29;95,8;3734,03;3734;198,95;198,85;28,03;NULL;1955,366333;3030,35;NULL
2025-07-02;1127,51;122,07;97,26;3734;3733,96;198,95;198,85;28,03;NULL;1951,602661;3030,12;NULL
2025-07-03;1108,89;123,48;98,09;3675,98;3675,82;198,43;198,43;34;NULL;1955,971191;2964,25;NULL
2025-07-04;1099,24;122,95;98,48;3664,69;3664,59;198,32;198,3;34,89;NULL;1961,588379;2952,57;NULL
2025-07-05;1096,96;122,91;98,87;3664,34;3664,25;198,31;198,19;34,9;NULL;1966,093994;2952,19;NULL
2025-07-06;1095,13;122,37;96,14;3664,06;3663,86;198,31;198,19;34,89;NULL;1962,230591;2951,12;NULL
2025-07-07;1073,45;121,64;98,28;3631,2;3629,9;197,97;197,95;36,83;NULL;1966,955078;2911,05;NULL
2025-07-08;992,76;115,13;90,8;3537,46;3537,35;197,05;197,03;41,98;NULL;1985,072876;2800,36;NULL
2025-07-09;336,48;63,14;40,87;3899,55;3898,94;196,75;196,7;5,71;NULL;1945,939453;3034,75;NULL
2025-07-10;801,6;100,68;53,1;3795,52;3795,17;198,19;198,17;24,13;NULL;1944,424927;2804,76;NULL
2025-07-11;1126,19;139,75;77,64;3757,51;3757,39;198,97;198,95;25,94;NULL;1953,428711;3055,35;NULL
2025-07-12;1063,66;140,87;87,25;3584,03;3583,81;197,58;197,57;39,87;NULL;1983,208252;2856,14;NULL
2025-07-13;1030,18;135,17;89,13;3552,85;3552,76;197,18;197,1;40,77;NULL;1980,567505;2822,42;NULL
2025-07-14;1017,42;130,67;88,33;3544,94;3544,9;197,05;197,02;40,96;NULL;1985,577515;2813,18;NULL
2025-07-15;1012,85;127,44;87,17;3544,19;3543,57;197,01;197;40,96;NULL;1986,729614;2811,26;NULL
2025-07-16;1009,08;125,3;87,43;3541,05;3540,05;197;197;40,96;NULL;1985,877075;2809,18;NULL
2025-07-17;1006,12;123,75;84,97;3539,08;3538,75;197;197;40,96;NULL;1986,196899;2808,59;NULL
2025-07-18;1003,25;122,19;85,74;3536,86;3536,72;197;196,98;40,96;NULL;1984,206055;2806,81;NULL
2025-07-19;1001,3;120,44;87;3536,7;3536,62;197;196,97;40,96;NULL;1985,494019;2805,93;NULL
2025-07-20;1000,86;118,82;84,51;3539,3;3539,17;196,99;196,96;40,81;NULL;1984,455322;2808,6;NULL
2025-07-21;1023,76;118,87;84,74;3565,87;3565,74;197,19;197,18;39,49;NULL;1962,539917;2840,8;NULL
2025-07-22;1090,33;116,5;84,63;3735,39;3735,23;198,58;198,53;25,82;NULL;1950,333862;3034,09;NULL
2025-07-23;1116,57;119,4;87,52;3737,13;3736,26;198,58;198,8;26,54;NULL;1973,430054;3037,76;NULL
2025-07-24;1121,79;120,22;87,46;3741,33;3739,51;198,85;198,82;26,54;NULL;1963,295532;3039,82;NULL
2025-07-25;1124,78;120,53;87,63;3741,79;3741,49;198,95;198,85;26,54;NULL;1958,01062;3040,21;NULL
2025-07-26;1126,69;120,68;92,89;3742,01;3741,97;198,96;198,85;26,54;NULL;1955,491943;3040,67;NULL
2025-07-27;1127,92;121,24;92,78;3743,84;3743,47;198,96;198,95;26,54;NULL;1957,876587;3041,87;NULL
2025-07-28;1128,73;121,02;94,86;3745,78;3744,44;198,99;198,96;26,45;NULL;1966,428833;3045,2;NULL
2025-07-29;1129,5;120,71;96,5;3746,32;3745,02;199;198,99;26,44;NULL;1961,555786;3045,52;NULL
2025-07-30;1129,85;120,5;97,43;3746,48;3746,14;199;198,99;26,44;NULL;1958,765625;3045,81;NULL
2025-07-31;1130,2;120,46;97,95;3746,51;3746,16;199;198,99;26,44;NULL;1952,575684;3045,66;NULL
2025-08-01;1130,68;120,42;96,34;3746,5;3746,14;199;198,99;26,44;NULL;1951,592651;3045,84;NULL
2025-08-02;1130,84;120,68;97,47;3748,09;3747,07;199;199;26,44;NULL;1956,253784;3047,13;NULL
2025-08-03;1130,89;120,54;96,89;3749,47;3748,69;199;199;26,44;NULL;1958,603027;3047,55;NULL
2025-08-04;1131;121,22;97,66;3749,61;3749,47;199;199;26,44;NULL;1958,851929;3047,75;NULL
2025-08-05;1131,2;121,81;98,49;3749,71;3749,48;199,01;199;26,44;NULL;1958,035767;3047,78;NULL
2025-08-06;1131,49;122,86;99,91;3749,7;3749,49;199,01;199;26,44;NULL;1956,828735;3047,79;NULL
2025-08-07;1118,91;124,83;101,08;3689,93;3689,65;198,63;198,62;32,69;NULL;1960,758423;2980,47;NULL
2025-08-08;1108,89;125,41;102,06;3672,01;3671,49;198,41;198,35;34,39;NULL;1959,105591;2960,25;NULL
2025-08-09;1105,86;123,56;99,84;3670,54;3670,46;198,35;198,34;34,3;NULL;1957,83606;2959,65;NULL
2025-08-10;1104,47;124,81;101,47;3669,72;3667,05;198,35;198,34;34,39;NULL;1957,360229;2957,82;NULL
2025-08-11;1119,85;121,77;97,82;3744,8;3743,74;198,94;198,93;26,14;NULL;1954,518555;3044,07;NULL
2025-08-12;1125,57;121,27;97,7;3749,46;3749,34;199;199;26,05;NULL;1962,215088;3047,91;NULL
2025-08-13;1127,05;121,84;98,46;3749,82;3749,51;199;199;26,05;NULL;1958,160034;3048,13;NULL
2025-08-14;1051,45;121,15;99,29;3602,9;3602,6;197,75;197,73;37,59;NULL;1977,068481;2874,67;NULL
2025-08-15;997,27;117,16;94,08;3537,21;3537,01;197,05;197,05;41,87;NULL;1983,969604;2800,07;NULL
2025-08-16;988,08;116,48;95,2;3530,81;3530,64;197,01;197,01;41,86;NULL;1978,478394;2795,55;NULL
2025-08-17;993,31;119,25;100,65;3538,44;3538,36;196,99;196,98;41,21;NULL;1985,792725;2805,98;NULL
2025-08-18;995,49;119,38;96,28;3539,7;3539,61;197,03;197,01;40,97;NULL;1992,99939;2809,75;NULL
2025-08-19;991,72;117,97;94,65;3537,05;3536,9;197,01;197;40,97;NULL;1985,877075;2806,83;NULL
2025-08-20;989,3;114,72;90,18;3536,69;3536,56;197;197;40,96;NULL;1985,668701;2806,16;NULL
2025-08-21;986,31;112,3;89,37;3535,72;3535,05;197;196,99;40,96;NULL;1984,601196;2804,34;NULL
2025-08-22;984,57;112,51;90,54;3534,14;3532,93;197;196,98;40,96;NULL;1983,913818;2802,41;NULL
2025-08-23;983,31;114,15;90,37;3532,51;3532,08;196,99;196,96;40,96;NULL;1980,614014;2801,26;NULL
2025-08-24;984,65;113,59;89,57;3534,01;3533,91;196,99;196,97;40,96;NULL;1987,381592;2804,93;NULL
2025-08-25;988,24;113,4;92,55;3537,98;3537,09;197;197;40,96;NULL;1987,887573;2809,23;NULL
2025-08-26;987,41;113,27;90,11;3536,94;3536,81;197;197;40,97;NULL;1986,344849;2808,98;NULL
2025-08-27;986,84;114,1;90,52;3536,71;3536,67;197;197;40,96;NULL;1986,152466;2808,71;NULL
2025-08-28;987,2;115,01;91,37;3537,78;3537,65;197;197;40,86;NULL;1987,89563;2810,18;NULL
2025-08-29;1080,76;115,28;91,08;3729,04;3728,01;198,6;198,54;26,09;NULL;1952,733276;3028,85;NULL
2025-08-30;1100,61;118,53;96,2;3735,31;3735,26;198,81;198,8;26,05;NULL;1948,975342;3035,36;NULL
2025-08-31;1105,97;119,91;96,43;3736,47;3736,08;198,85;198,84;26,05;NULL;1950,735352;3037,38;NULL
2025-09-01;1108,96;120,24;96,87;3738,1;3737,99;198,95;198,85;26,05;NULL;1954,442017;3039,35;NULL
2025-09-02;1111,2;119,82;97,27;3741,35;3741,31;198,96;198,95;26,05;NULL;1958,133667;3040,16;NULL
2025-09-03;1112,96;118,92;96,44;3741,95;3741,8;198,99;198,95;26,05;NULL;1959,904907;3040,83;NULL
2025-09-04;1114,55;119,24;96,89;3742,01;3741,98;198,99;198,96;26,05;NULL;1957,677734;3041,15;NULL
2025-09-05;1115,62;119,04;96,77;3743,37;3742,01;199;198,97;26,05;NULL;1955,274658;3041,73;NULL
2025-09-06;1116,92;119,55;99,54;3743,5;3743,46;199;198,99;26,05;NULL;1955,075806;3042,18;NULL
2025-09-07;1117,59;118,84;96,01;3743,87;3743,57;199;198,99;26,05;NULL;1955,07373;3043,3;NULL
2025-09-08;1117,78;118,81;98,87;3746,16;3746,09;199;199;26,05;NULL;1955,380981;3047,18;NULL
2025-09-09;1119,47;120,76;101,16;3746,51;3746,14;199,01;199;26,05;NULL;1955,510254;3047,44;NULL
2025-09-10;1119,17;117,98;95,87;3746,54;3746,25;199,01;199;26,05;NULL;1954,199585;3047,59;NULL
2025-09-11;1118,72;117,2;95,92;3746,64;3746,56;199,01;199;26,05;NULL;1952,34021;3047,89;NULL
2025-09-12;1118,73;118,54;97,67;3746,65;3746,53;199,01;199;26,05;NULL;1950,866211;3047,89;NULL
2025-09-13;1118,99;120,28;100,28;3746,64;3746,56;199,01;199;26,05;NULL;1948,295776;3047,83;NULL
2025-09-14;1119,07;120,78;98,78;3746,67;3746,62;199,04;199,01;0;NULL;1953,333374;3047,69;NULL
2025-09-15;1119,59;120,37;97,9;3744,52;3744,15;199,01;199;26,34;NULL;1955,245483;3045,04;NULL
2025-09-16;1119,2;118,78;96,54;3744,62;3744,38;199,01;199;26,34;NULL;1959,995361;3045,35;NULL
2025-09-17;1119,49;118,93;98,47;3744,66;3744,54;199,01;199;26,34;NULL;1961,584351;3045,25;NULL
2025-09-18;1119,97;120,25;101,14;3744,39;3744,14;199,01;199;26,34;NULL;1954,918701;3044,95;NULL
2025-09-19;1121,14;123,64;102,03;3744,65;3744,44;199,01;199;26,34;NULL;1961,977783;3045,26;NULL
2025-09-20;0;0;0;3744,54;0;0;0;0;NULL;0;0;NULL
2025-09-21;1121;123,04;100,1;3745,99;3745,87;199,04;199,01;26,27;NULL;1961,729736;3045,56;NULL
2025-09-22;0;123,3;100,42;3739,03;3737,54;199,02;199,01;26,88;NULL;1960,5271;3038,38;NULL
2025-09-23;1120,67;124,73;101,95;3736,67;3736,63;199;199;26,94;NULL;1955,007446;3036,94;NULL
2025-09-24;1119,93;124,85;101,86;3736,67;3736,62;199;199;26,94;NULL;1955,795166;3037,02;NULL
2025-09-25;1119,83;126,39;103,7;3736,63;3736,44;199;199;26,94;NULL;1955,043213;3036,87;NULL
2025-09-26;1120,99;129,1;106,61;3736,55;3736,34;199;199;26,94;NULL;1955,164795;3036,97;NULL
2025-09-27;1120,7;128,3;105,91;3736,61;3736,5;199;199;26,94;NULL;1955,898926;0;NULL
2025-09-28;1120,58;0;0;3737,01;3736,64;199;199;0;NULL;0;0;NULL
2025-09-29;1119,62;123,76;100,83;3741,49;3740,76;199,01;199;26,64;NULL;1951,671875;3040,31;NULL
2025-09-30;1119,35;122,04;99,36;3741,47;3741,34;199,01;199;26,64;NULL;1952,330566;3040,2;NULL
2025-10-01;1119,29;122,73;100,46;3741,9;3741,61;199,01;199;26,64;NULL;1958,603394;3040,56;NULL
2025-10-02;1119,06;124,57;102,09;3741,97;3741,67;199,01;199;26,64;NULL;1958,697876;3040,55;NULL
2025-10-03;1118,47;123,11;100,35;3741,63;3740,98;199,01;199;26,64;NULL;1954,918701;3040,27;NULL
2025-10-04;1117,87;122,43;100,29;3741,72;3741,47;199,01;199;26,64;NULL;1955,164795;3040,38;NULL
2025-10-05;1117,74;122,07;99,58;3741,12;3740,86;199,01;199;26,67;NULL;1960,894897;3040,46;NULL
2025-10-06;1117,6;120,83;98,53;3736,67;3736,63;199,01;199;26,94;NULL;1960,993774;3037,49;NULL
2025-10-07;1117,59;121,87;100,07;3736,67;3736,62;199,01;199;26,94;NULL;1961,194946;3037,35;NULL
2025-10-08;1117,92;123,18;100,8;3736,66;3736,59;199,01;199;26,94;NULL;1961,223755;3037,3;NULL
2025-10-09;1117,74;123,16;101,03;3736,67;3736,59;199,01;199;26,94;NULL;1961,525391;3037,2;NULL
2025-10-10;1117,84;122,6;100,23;3736,67;3736,61;199,01;199;26,94;NULL;1962,717529;3037,19;NULL
2025-10-11;1118,67;126,12;104,02;3736,62;3736,3;199,01;199;26,94;NULL;1961,221069;3036,88;NULL
2025-10-12;1118,2;124,06;102,03;3736,6;3736,23;199,01;199;26,93;NULL;1960,738037;3036,84;NULL
2025-10-13;1117,99;122,85;100,46;3736,54;3736,17;199,01;199;26,94;NULL;1959,692871;3036,85;NULL
2025-10-14;1117,46;121,61;99,48;3736,53;3736,22;199,01;199;26,94;NULL;1960,859985;3036,81;NULL
2025-10-15;1117;122,03;100,07;3736,62;3736,44;199,01;199;26,94;NULL;1962,596924;3036,82;NULL
2025-10-16;1116,91;123,26;101,35;3736,45;3736,14;199,01;199;26,94;NULL;1959,833862;3036,25;NULL
2025-10-17;1117,22;126,22;104,66;3736,16;3736,04;199,01;199;26,94;NULL;1952,873413;3035,33;NULL
2025-10-18;1116,96;125,96;103,72;3735,99;3735,9;199;199;26,94;NULL;1947,091553;3034,9;NULL
2025-10-19;1115,52;121;98,84;3736,05;3736;199,01;199;26,93;NULL;1948,887695;3035,19;NULL
